-- phpMyAdmin SQL Dump
-- version 4.7.3
-- https://www.phpmyadmin.net/
--
-- Host: localhost:3306
-- Generation Time: Nov 29, 2017 at 10:20 PM
-- Server version: 5.6.36-cll-lve
-- PHP Version: 5.6.30

SET SQL_MODE = "NO_AUTO_VALUE_ON_ZERO";
SET AUTOCOMMIT = 0;
START TRANSACTION;
SET time_zone = "+00:00";


/*!40101 SET @OLD_CHARACTER_SET_CLIENT=@@CHARACTER_SET_CLIENT */;
/*!40101 SET @OLD_CHARACTER_SET_RESULTS=@@CHARACTER_SET_RESULTS */;
/*!40101 SET @OLD_COLLATION_CONNECTION=@@COLLATION_CONNECTION */;
/*!40101 SET NAMES utf8mb4 */;

--
-- Database: `vikobren_vodovod`
--

-- --------------------------------------------------------

--
-- Table structure for table `admin`
--

CREATE TABLE `admin` (
  `id` int(1) NOT NULL,
  `username` varchar(20) COLLATE utf8_unicode_ci NOT NULL,
  `password` varchar(32) COLLATE utf8_unicode_ci NOT NULL
) ENGINE=InnoDB DEFAULT CHARSET=utf8 COLLATE=utf8_unicode_ci;

--
-- Dumping data for table `admin`
--

INSERT INTO `admin` (`id`, `username`, `password`) VALUES
(1, 'admin', '4ae4bf4cc67ac5cc1ded22c5ceb15f01');

-- --------------------------------------------------------

--
-- Table structure for table `gallery`
--

CREATE TABLE `gallery` (
  `id` int(2) NOT NULL,
  `picture_id` int(5) NOT NULL
) ENGINE=InnoDB DEFAULT CHARSET=utf8 COLLATE=utf8_unicode_ci;

--
-- Dumping data for table `gallery`
--

INSERT INTO `gallery` (`id`, `picture_id`) VALUES
(1, 1),
(2, 2),
(3, 3),
(4, 4),
(5, 5),
(6, 6),
(7, 7),
(8, 8),
(9, 9),
(10, 10),
(11, 11),
(12, 12),
(13, 13),
(14, 14);

-- --------------------------------------------------------

--
-- Table structure for table `message`
--

CREATE TABLE `message` (
  `id` int(5) NOT NULL,
  `name` varchar(30) COLLATE utf8_unicode_ci NOT NULL,
  `email` varchar(60) COLLATE utf8_unicode_ci NOT NULL,
  `telefon` varchar(15) COLLATE utf8_unicode_ci DEFAULT NULL,
  `text` varchar(255) COLLATE utf8_unicode_ci NOT NULL
) ENGINE=InnoDB DEFAULT CHARSET=utf8 COLLATE=utf8_unicode_ci;

-- --------------------------------------------------------

--
-- Table structure for table `news`
--

CREATE TABLE `news` (
  `id` int(5) NOT NULL,
  `title` varchar(30) COLLATE utf8_unicode_ci NOT NULL,
  `text` text COLLATE utf8_unicode_ci NOT NULL,
  `date_created` datetime NOT NULL DEFAULT CURRENT_TIMESTAMP,
  `summary` text COLLATE utf8_unicode_ci NOT NULL,
  `news_category_id` int(1) NOT NULL,
  `views` int(5) NOT NULL DEFAULT '0',
  `youtube` text COLLATE utf8_unicode_ci
) ENGINE=InnoDB DEFAULT CHARSET=utf8 COLLATE=utf8_unicode_ci;

--
-- Dumping data for table `news`
--

INSERT INTO `news` (`id`, `title`, `text`, `date_created`, `summary`, `news_category_id`, `views`, `youtube`) VALUES
(1, 'Обављање делатности', 'Јавно комунално предузеће за обављање делатности сакупљања пречишћавања и дистрибуције воде и пречишћавања и одвођења атмосферских и отпадних вода.', '2017-07-13 00:00:00', 'Јавно комунално предузеће за обављање делатности сакупљања пречишћавања и дистрибуција', 1, 0, NULL),
(2, 'Уклањање отпадних вода', 'Уклањање отпадних вода које обухвата рад канализационих система и уређаја за обраду отпадних вода, скупљање и транспорт индустријских, комуналних и других отпадних вода, као и кишнице, коришћењем канализационих мрежа, колектора, покретних танкова или других видова транспорта; пражњење и чишћење септичких јама и резервоара, шахтова и канализационих јама, одржавање хемијских тоалета; обраду, пречишћавање отпадних вода (укључујући канализационе и индустријске отпадне воде и воду из базена за купање) применом физичких, хемијских и биолошких процеса; одржавање и чишћење одводних канала и дренажу, укључујући и деблокирање одвода и друге послове везане за пречишћавање и одвођење атмосферских и отпадних вода.', '2017-07-05 00:00:00', 'Уклањање отпадних вода које обухвата рад канализационих система и уређаја за обраду отпадних вода, скупљање и транспорт индустријских, комуналних и других отпадних вода, као и кишнице, коришћењем канализационих мрежа, колектора, покретних танкова или других видова транспорта. ', 1, 0, NULL),
(3, 'Рaдови уживо', 'Радови', '2017-07-21 00:00:00', 'Радови на санацији', 1, 0, 'https://www.youtube.com/embed/ntFvvcvGuRQ'),
(4, 'Одржавање', ' Одржавање, реконструкција, адаптација и санација постојећих и изградња нових комуналних грађевинских и других инфраструктурних објеката, постројења, инсталација и опреме у функцији обављања комуналних делатности Предузећа. Под одржавањем објеката комуналне инфраструктуре из оквира делатности Предузећа подразумева се инвестиционо и текуће одржавање које Предузеће може предузимати самостално у складу са Законом.', '2017-08-21 00:00:00', 'Одржавање, реконструкција, адаптација и санација постојећих и изградња нових комуналних грађевинских и других инфраструктурних објеката, постројења, инсталација и опреме у функцији обављања комуналних делатности Предузећа.', 1, 0, NULL),
(5, 'Водовод Барич', 'Водовод Барич\r\n', '2017-11-16 00:00:00', '\r\n', 1, 0, 'https://www.youtube.com/embed/nXdoFc-i89k'),
(6, 'Водовод Забрежје', 'Водовод Забрежје.', '0000-00-00 00:00:00', '', 1, 0, 'https://www.youtube.com/embed/hyEo6wL0UKc');

-- --------------------------------------------------------

--
-- Table structure for table `news_category`
--

CREATE TABLE `news_category` (
  `id` int(1) NOT NULL,
  `name` varchar(20) COLLATE utf8_unicode_ci NOT NULL
) ENGINE=InnoDB DEFAULT CHARSET=utf8 COLLATE=utf8_unicode_ci;

--
-- Dumping data for table `news_category`
--

INSERT INTO `news_category` (`id`, `name`) VALUES
(1, 'Obavestenja');

-- --------------------------------------------------------

--
-- Table structure for table `news_to_picture`
--

CREATE TABLE `news_to_picture` (
  `id` int(4) NOT NULL,
  `news_id` int(5) NOT NULL,
  `picture_id` int(5) NOT NULL,
  `date_created` datetime NOT NULL DEFAULT CURRENT_TIMESTAMP
) ENGINE=InnoDB DEFAULT CHARSET=utf8 COLLATE=utf8_unicode_ci;

--
-- Dumping data for table `news_to_picture`
--

INSERT INTO `news_to_picture` (`id`, `news_id`, `picture_id`, `date_created`) VALUES
(1, 1, 1, '2017-07-13 00:00:00'),
(2, 2, 6, '2017-07-06 00:00:00'),
(3, 3, 1, '2017-07-13 00:00:00'),
(4, 4, 3, '2017-07-19 10:28:10'),
(5, 5, 1, '2017-11-16 15:48:58'),
(6, 6, 1, '2017-11-16 15:53:36');

-- --------------------------------------------------------

--
-- Table structure for table `picture`
--

CREATE TABLE `picture` (
  `id` int(5) NOT NULL,
  `alt` varchar(30) COLLATE utf8_unicode_ci DEFAULT NULL,
  `file_name` varchar(150) COLLATE utf8_unicode_ci NOT NULL
) ENGINE=InnoDB DEFAULT CHARSET=utf8 COLLATE=utf8_unicode_ci;

--
-- Dumping data for table `picture`
--

INSERT INTO `picture` (`id`, `alt`, `file_name`) VALUES
(1, 'alt_atribut', '4.jpg'),
(2, 'slika 5', '13.jpg'),
(3, 'slika 6', '11.jpg'),
(4, 'slika 7', '10.jpg'),
(5, 'slika 8', '12.jpg'),
(6, 'slika 9', '14.jpg'),
(7, 'slika 10', '15.jpg'),
(8, 'slika 11', '16.jpg'),
(9, 'slika 12', '17.jpg'),
(10, 'slika 13', '18.jpg'),
(11, 'slika 14', '19.jpg'),
(12, 'slika 15', '20.jpg'),
(13, 'slika 16', '21.jpg'),
(14, 'slika 17', '22.jpg'),
(15, 'slika 4', '1.jpg');

-- --------------------------------------------------------

--
-- Table structure for table `report`
--

CREATE TABLE `report` (
  `id` int(11) NOT NULL,
  `title` varchar(300) COLLATE utf8_unicode_ci DEFAULT NULL,
  `date_created` datetime NOT NULL DEFAULT CURRENT_TIMESTAMP,
  `pdf` varchar(255) COLLATE utf8_unicode_ci DEFAULT NULL,
  `excell` varchar(255) COLLATE utf8_unicode_ci DEFAULT NULL,
  `summary` text COLLATE utf8_unicode_ci,
  `report_category` int(20) NOT NULL
) ENGINE=InnoDB DEFAULT CHARSET=utf8 COLLATE=utf8_unicode_ci;

--
-- Dumping data for table `report`
--

INSERT INTO `report` (`id`, `title`, `date_created`, `pdf`, `excell`, `summary`, `report_category`) VALUES
(1, ' Извештај о тромесечном пословању ЈКП \"Водовод и канализација\" Обреновац за 2017год.', '2017-07-21 04:10:13', 'Obrasci-Tromesecni-Izvestaj-I kvartal.pdf', NULL, 'Kвартал I - Тромесечни извештај', 1),
(2, '', '2017-07-07 00:00:00', 'Obrazac-12-1 - I kvartal.pdf', NULL, 'Kвартал I - Образац 12-1', 1),
(3, 'Позив за подношење понуда 07-10-2016', '2017-07-08 00:00:00', 'Позив за подношење понуда 07-10-2016.pdf', NULL, '', 10001),
(4, 'Закон о комуналним делатностима.  ', '2017-07-09 00:00:00', 'Zakon o komunalnim delatnostima.pdf', NULL, 'Zakon o komunalnim delatnostima', 4),
(5, 'Правилник о ближем уређивању поступка јавних набавки унутар ЈКП \"Водовод и канализација\" Обреновац.    ', '2017-07-10 00:00:00', 'Pravilnik o blizem uredjivanju postupka javnih nabavki.pdf', NULL, 'Javne nabavke', 4),
(6, 'Правилник о унутрашњем узбуњивању у ЈКП \"Водовод и канализација\" Обреновац .  ', '2017-07-11 00:00:00', 'pravilnik_o_unutrasnjem_uzbunjivanju.pdf', NULL, 'Pravilnik', 4),
(7, 'Ценовник основних комуналних производа и услуга ЈКП \"Водовод и канализација\" Обреновац, септембар 2016.године.', '2017-07-11 20:00:00', 'cenovnik osnovnih kom.usluga sep 2016.pdf', NULL, 'Cenovnik', 5),
(8, 'Ценовник осталих комуналних услуга ЈКП \"Водовод и канализација\" Обреновац, септембар 2016.године. ', '2017-08-11 20:00:00', 'cenovnik ostalih kom.usluga sep 2016.pdf', NULL, 'Cenovnik', 5),
(9, 'Решење о давању сагласности на одлуку надзорног одбора ЈКП \"Водовод и канализација\" Обреновац о ценовнику основних и осталих комуналних услуга, септембар 2016.године. ', '2017-09-11 20:00:00', 'Rešenja o davanju saglasnosti na odluku Nadzornog odbora o izmeni i dopuni cenovnika osnovnih i ostalih usluga sep 2016.pdf', NULL, 'Cenovnik', 5),
(10, 'Ценовник основних комуналних производа и услуга ЈКП \"Водовод и канализација\" Обреновац, март 2016.године', '2017-09-11 20:01:00', 'cenovnik osnovnih 30 03 2016.pdf', NULL, 'Cenovnik', 5),
(11, 'Ценовник осталих комуналних услуга ЈКП \"Водовод и канализација\" Обреновац, март 2016.године', '2017-09-11 20:03:00', 'cenovnik ostalih 30 03 2016.pdf', NULL, 'Cenovnik', 5),
(12, 'Решење о од давању сагласности на одлуку надзорног одбора  ЈКП \"Водовод и канализација\" Обреновац о ценовнику основних комуналних услуга, март 2016.године ', '2017-09-11 20:05:00', 'resenje-o-davanju-saglasnosti-cenovnik-ostalih-usluga.jpeg', NULL, 'Cenovnik', 5),
(13, 'Решење о од давању сагласности на одлуку надзорног одбора  ЈКП \"Водовод и канализација\" Обреновац о ценовнику осталих комуналних услуга, март 2016.године  ', '2017-09-11 20:06:00', 'resenje-o-davanju-saglasnosti-cenovnik-osnovnih-usluga.jpeg', NULL, 'Cenovnik', 5),
(14, 'Одлука о ценовнику осталих комуналних услуга ЈКП \"Водовод и канализација\" Обреновац, март 2016.године', '2017-09-11 20:07:00', 'odluka  cenovnik ostalih 30 03 2016.pdf', NULL, 'Cenovnik', 5),
(15, 'Одлука о ценовнику основних комуналних производа и услуга ЈКП \"Водовод и канализација\" Обреновац, март 2016.године', '2017-09-11 20:08:00', 'odluka osnovna 30 03 2016.pdf', NULL, 'Cenovnik', 5),
(16, 'Решење о давању сагласности на одлуку надзорног одбора јавног комуналног предузећа \"ВИК\" Обреновац о измени и допуни ценовника осталих комуналних услуга 2015. године', '2017-09-11 20:09:00', 'resenje o izmeni i dopuni cenovnika ostalih komunalnih usluga jkp vik obrenovac 2015.pdf', NULL, 'Cenovnik', 5),
(17, 'Одлука о измени и допуни ценовника осталих комуналних услуга ЈКП \"Водовод и канализација\" Обрнеовац 2015. године', '2017-09-11 20:10:00', 'odluka o izmeni i dopuni cenovnika ostalih komunalnih usluga jkp vik obrenovac 2015.pdf', NULL, 'Cenovnik', 5),
(18, 'Пречишћен текст ценовника \"Водовод и канализација\" Обрнеовац осталих комуналних услуга, јун 2015. године', '2017-09-11 20:11:00', 'program poslovanja jkp vodovod i kanalizacija obrenovac 2015.pdf', NULL, 'Cenovnik', 5),
(19, 'Одлука о измени и допуни ценовника осталих комуналних услуга ЈКП \"Водовод и канализација\" Обреновац за  август 2014', '2017-09-11 20:12:00', '4 Odluka novembar 2014 - OKRENUTA.pdf', NULL, 'Cenovnik', 5),
(20, 'Решење о давању сагласности на одлуку надзорног одбора ЈКП \"Водовод и канализација\" Обреновац о измени и допуни ценовника основних комуналних производа и услуга август 2014', '2017-09-11 20:13:00', '3 Resenje avgust 2014 - OKRENUTA.pdf', NULL, 'Cenovnik', 5),
(21, 'Пречишћен текст ценовника ЈКП \"Водовод и канализација\" Обреновац основних комуналних производа и услуга које плаћају непосредни корисници, новембар 2014. године', '2017-09-11 20:14:00', '5 PT novembar osnovnih - OKRENUTA.pdf', NULL, 'Cenovnik', 5),
(22, 'Одлука о измени и допуни ценовника осталих комуналних услуга ЈКП \"Водовод и канализација\" Обреновац август 2014', '2017-09-11 20:15:00', '4 Odluka novembar 2014 - OKRENUTA.pdf', NULL, 'Cenovnik', 5),
(23, 'Решење о давању сагласности на одлуку надзорног одбора ЈКП \"Водовод и канализација\" Обреновац о измени и допуни ценовника основних комуналних производа и услуга за август 2014', '2017-09-11 20:16:00', '3 Resenje avgust 2014 (1) - OKENUTA.pdf', NULL, 'Cenovnik', 5),
(24, ' Пречишћен текст ценовника ЈКП \"Водовод и канализација\" Обреновац основних комуналних производа и услуга које плаћају непосредни корисници, јул 2014. године', '2017-09-11 20:16:33', '1 Tekst cenovnika osnovnih usluga - OKRENUTA.pdf', NULL, 'Cenovnik', 5),
(25, 'Одлука о измени и допуни ценовника основних комуналних производа и услуга ЈКП \"Водовод и канализација\" Обрнеовац октобар 2014', '2017-09-11 20:16:50', '2 Odluka avgust 2014 - OKRENUTA.pdf', NULL, 'Cenovnik', 5),
(26, ' Ценовник oсталих услуга ЈКП \"Водовод и канализација\" Обреновац | децембар 2013. огдине', '2017-09-11 20:17:50', 'cenovnik ostalih usluga-decembar2013-PDV.pdf', NULL, 'Cenovnik', 5),
(27, 'Одлука о усклађивању ценовника основних и осталих комуналних производа и услуга ЈКП \"ВИК\" Обреновац', '2017-09-11 21:17:50', 'odluka o uskladjivanju cenovnika osnovnih i ostalih komunalnih proiyvoda i usluga jkp vik 2014.pdf', NULL, 'Cenovnik', 5),
(28, 'Решење о давању сагласности на одлуку Надзорног одбора ЈКП \"ВИК\" Обреновац о измени ценовника 2014. год.', '2017-09-11 21:18:50', 'resenje o davanju saglasnosti na odluku no jkp vik o izmeni cenovnika 2014.pdf', NULL, 'Cenovnik', 5),
(29, 'Програм пословања за 2017. годину ', '2017-10-11 21:18:50', 'OBRASCI PP 2017 spojen.pdf', '', 'Обрасци уз Програм пословања за 2017. Годину', 6),
(34, 'Конкурсна документација 06-10-2016', '2017-08-05 18:24:34', 'Конкурсна документација 06-10-2016.pdf', NULL, '', 10000),
(35, 'Обавештење о закљученом уговору 05-12-2016', '2017-08-05 18:24:53', 'Обавештење о закљученом уговору 05-12-2016.pdf', NULL, '', 10000),
(38, 'Конкурсна документација 07-10-2016', '2017-08-05 19:09:43', 'Конкурсна документација 07-10-2016.pdf', NULL, NULL, 10001),
(39, '', '2017-09-05 19:09:43', NULL, 'Obrasci_Tromesecni_Izvestaj_II_kvartal.xls', 'Kвартал II - Тромесечни извештај', 1),
(40, NULL, '2017-09-05 19:11:43', 'Obrazac-12-1-II-kvartal.pdf', NULL, 'Kвартал II - Образац 12-1', 1),
(41, '', '2017-09-05 19:12:43', 'PROGRAM POSLOVANJA ZA 2017 GODINU.pdf', '', 'Програм пословања и посебан програм коришћења средстава из буџета ГО Обреновац, са решењем Скупштине ГО Обреновац.', 6),
(42, NULL, '2017-09-05 19:13:43', 'PRILOZI 234 2017-rebalans I.pdf', '', 'Обрасци уз прву измену годишњег програма пословања и финансијског плана ЈКП \"Водовод и канализација\"Обреновац за 2017. годину. Nо2.', 6),
(43, NULL, '2017-09-05 19:14:43', 'OBRASCI_PP_2017-rebalans FEBRUAR.pdf', '', 'Обрасци уз прву измену годишњег програма пословања и финансијског плана ЈКП \"Водовод и канализација\"Обреновац за 2017. годину. Nо1.', 6),
(44, NULL, '2017-09-05 19:15:43', 'resenje-o-davanju-saglasnosti-na-prvu-o-koriscenju-sredstava-2017.pdf', '', '* Решење о давању сагласности на прву измену посебног програма ЈКП \"Водовод и канализација\" Обреновац за 2017 год. o коришћењу средстава буџета ГО Обреновац за 2017 год. по основу субвенције осниваца.', 6),
(45, NULL, '2017-09-05 19:16:43', 'resenje-o-davanju-saglasnosti-na-prvu-izmenu-2017.pdf', NULL, 'Решење о давању сагласности на прву измену годишњег Програма пословања и финансијског плана ЈКП \"Водовод и канализација\".', 6),
(46, NULL, '2017-09-05 20:17:43', 'Resenje2.pdf', '', 'Решење о давању сагласности на другу измену посебног програма ЈКП \"Водовод и канализацију\" за 2017. годину о коришћењу средстава буџета Градске општине Обреновац', 6),
(47, NULL, '2017-09-05 20:18:43', 'Resenje_o_davanju saglasnosti.pdf', '', 'Решење о давању сагласности на трећу измену годишњих програм пословања И финансијског плана за 2017. годину.', 6),
(48, NULL, '2017-09-05 20:19:43', '', 'PRILOZI 234 2017.xls', 'Обрасци уз другу измену годишњег програма пословања и финансијског плана ЈКП \"Водовод и канализација\"Обреновац за 2017. годину. No2', 6),
(49, NULL, '2017-09-05 20:20:43', 'Resenje.pdf', NULL, 'Решење о давању сагласности на другу измену годишњег програма пословања и финансијског плана за ЈКП \"Водовод и канализацију\" за 2017. годину', 6),
(50, NULL, '2017-09-05 20:21:43', '', 'OBRASCI_PP_2017.xls', 'Обрасци уз другу измену годишњег програма пословања и финансијског плана ЈКП \"Водовод и канализација\"Обреновац за 2017. годину. No1', 6),
(51, NULL, '2017-09-05 20:22:43', '', 'PRILOZI_234_2017_rebalans.xls', 'Обрасци Уз трећу измену годишњих програм пословања И финансијског Плана ЈКП Водовод и канализација за 2017. год. No2', 6),
(52, '', '2017-09-05 20:23:43', '', 'OBRASCI_PP_2017_rebalans.xls', 'Обрасци Уз трећу измену годишњих програм пословања И финансијског Плана ЈКП Водовод и канализација за 2017. год. No1', 6),
(53, '', '2017-09-05 20:24:43', 'Resenje_o_davanju_saglasnosti_osnivaca.pdf', NULL, 'Решење о давању сагласности на трећу измену посебног програм о коришћењу средстава буџета Го Обреновац за 2017. годину.', 6),
(54, 'Програм пословања за 2016. годину ', '2017-09-05 20:25:43', 'Resenje2016.pdf', NULL, 'Решење о давању сагласности на годишњи извештај о степену реалиције Програма пословања ЈКП \"Водовод и канализација\" за период од 01.01.2016-31.12.2016.године ', 7),
(55, NULL, '2017-09-05 20:26:43', 'resenje-2016.pdf', NULL, 'Решење о давању сагласности на годишњи Програм пословања и финансијски план ЈКП \"Водовод и канализација\" Обреновац за 2016.год.', 7),
(56, NULL, '2017-09-05 20:27:43', 'odluka-2016.pdf', NULL, 'Одлука о давању сагласности на годишњи Програм пословања и финансијски план ЈКП \"Водовод и канализација\" Обреновац за 2016.год.', 7),
(57, NULL, '2017-09-05 20:28:43', 'program poslovanja  jkp vodovod i kanalizacija za 2016.pdf', NULL, 'Програм пословања ЈКП \"Водовод и канализација\" Обреновац за 2016.год.', 7),
(58, NULL, '2017-09-05 20:29:43', 'saglasnost na izvestaj o stepenu real.prog.posl sep 2016.pdf', NULL, 'Сагласност на извештај о степену реализације програма пословања ЈКП \"Водовод и канализација\" Обреновац од 01.01.2016 до 30.06.2016.', 7),
(59, NULL, '2017-09-05 20:30:43', '1 resemke-o-davanju-saglasnosti-na-I-izmenu.pdf', NULL, 'Решење о давању сагласности на прву измену годишњег Програма пословања и финансијског плана ЈКП \"Водовод и канализација\" Обреновац за 2016 годину.', 7),
(60, NULL, '2017-09-05 20:31:43', '3 odluka-na-dodata-prve-izmene.pdf', NULL, 'Одлука на додатак прве измене годишњег Програма пословања и финансијског плана ЈКП \"Водовод и канализација\" Обреновац  за 2016 годину', 7),
(61, NULL, '2017-09-05 20:32:43', 'resenje_o_davanju_saglasnosti_na_drugu_izmenu_godisnjeg_programa_poslovanja_i_finansijskog_plana_jkpvik_za_2016.pdf', NULL, 'Решење о давању сагласности на другу измену годишњег Програма пословања и финансијског плана ЈКП \"Водовод и канализација\" Обреновац за 2016. годину ', 7),
(62, NULL, '2017-09-05 20:33:43', 'resenje o davanju saglasnosti III kvartal.pdf', NULL, 'Решење о давању сагласности на трећу измену годишњег Програма пословања и финансијског плана ЈКП \"Водовод и канализација\" Обреновац за 2016. годину', 7),
(63, NULL, '2017-09-05 20:34:43', 'Program-poslovanja-JKV-VIK-Obrenovac-III-izmena-komletno-28-11-2016.pdf', NULL, 'Програм пословања ЈКП \"Водовод и канализација\" Обреновац III измена', 7),
(64, 'Извештај о тромесечном пословању ЈКП \"Водовод и канализација\" за 2016. ', '2017-09-05 20:35:43', 'Obrasci-Tromesecni-Izvestaj-I kvartal 2016.pdf', NULL, 'I квартал', 8),
(65, NULL, '2017-09-05 20:36:43', 'Obrasci-Tromesecni-Izvestaj-II kvartal.pdf', NULL, 'II квартал', 8),
(66, NULL, '2017-09-05 20:37:43', 'Obrazac-12-1_-_II_kvartal.PDF', NULL, 'Извештај о степену усклађености планираних и реализованих активности из програма пословања од 01.01.2016. до 30.06.2016.', 8),
(67, NULL, '2017-09-05 20:38:43', 'Obrasci-Tromesecni-Izvestaj-III kvartal.pdf', NULL, 'III квартал', 8),
(68, NULL, '2017-09-05 20:39:43', 'Izvestaj o stepenu uskladjenosti planiranih i realizovanih aktivnosti iz programa poslovanja -_III_kvartal.pdf', NULL, 'Извештај о степену усклађености планираних и реализованих активности из програма пословања за период од 01.01.2016. до 30.09.2016.', 8),
(69, NULL, '2017-09-05 20:40:43', 'Obrasci-Tromesecni-Izvestaj-IV kvartal 2017.pdf', NULL, 'IV квартал', 8),
(70, NULL, '2017-09-05 20:41:43', 'Obrazac-12-1 - IV kvartal 2017.pdf', NULL, 'Извештај о степену усклађености планираних и реализованих активности из програма пословања за период од 01.01.2016. до 31.12.2016.', 8),
(71, 'Извештај о тромесечном пословању ЈКП \"Водовод и канализација\" за 2015.', '2017-09-05 20:41:43', 'I KVARTAL- Obrasci tromesec izvestavanje 2015.pdf', NULL, 'I квартал', 9),
(72, NULL, '2017-09-05 20:42:43', 'II KVARTAL- Obrasci tromesec izvestavanje 2015.pdf', NULL, 'II квартал', 9),
(73, NULL, '2017-09-05 20:43:43', 'III KVARTAL- Obrazac tromeseč izveštavanja 2015.pdf', NULL, 'III квартал', 9),
(74, NULL, '2017-09-05 20:44:43', 'IV KVARTAL- Konačan obrazac tromeseč izveštavanja 2015.pdf', NULL, 'IV квартал', 9),
(75, NULL, '2017-09-05 20:45:43', '2 resenje-o-davanju-na-godisnji-izvestaj.pdf', NULL, 'Решење о давању сагласности на годишњи извештај о степену реализације Програма пословања ЈКП \"Водовод и канализација\" Обреновац ', 9),
(76, NULL, '2017-09-05 20:46:43', 'izv.o_step.reali.prog.posl.jkpvik_od.0101-3006_sa_fin.izvestajem.pdf', NULL, 'Извештај о степену реализације Програма пословања са финансијским извештајем ЈКП \"Водовод и канализација\" Обреновац за период 01.01.2015.-30.06.2015.године', 9),
(77, NULL, '2017-09-05 20:47:43', 'fajl ceka na upload.pdf', NULL, 'Решење о давању сагласности на Извештај о степену реализације Програма пословања са финансијским извештајем ЈКП \"Водовод и канализација\" Обреновац за период 01.01.2015.-30.06.2015.године', 9),
(78, NULL, '2017-09-05 20:48:43', 'odluka IV izmena.pdf', NULL, 'Одлука - Четврта измена годишњег програма пословања ЈКП \"Водовод и канализација\" Обреновац за 2015. годину', 9),
(79, NULL, '2017-09-05 20:49:43', 'resenje IV izmena.pdf', NULL, 'Решење - Четврта измена годишњег програма пословања ЈКП \"Водовод и канализација\" Обреновац за 2015. годину', 9),
(80, NULL, '2017-09-05 20:50:43', 'prog.posl.jkpvik_2015_IV_izmena.pdf', NULL, 'Четврта измена годишњег програма пословања ЈКП \"Водовод и канализација\" Обреновац за 2015. годину', 9),
(81, NULL, '2017-09-05 20:51:43', 'Obrasci rebalans septembar konacno.pdf', NULL, 'Ребаланс буџета септембар 2015', 9),
(82, NULL, '2017-09-05 20:52:43', 'Odluka_III_izmena.pdf', NULL, 'Одлука - Трећа измена годишњег програма пословања ЈКП \"Водовод и канализација\" Обреновац за 2015. годину ', 9),
(83, NULL, '2017-09-05 20:53:43', 'resenje_o_davanju_saglasnosti_na_III_izmenu.pdf', NULL, 'Решење - Трећа измена годишњег програма пословања ЈКП \"Водовод и канализација\" Обреновац за 2015. годину', 9),
(84, NULL, '2017-09-05 20:54:43', 'PP III.pdf', NULL, 'Трећа измена годишњег програма пословања ЈКП \"Водовод и канализација\" Обреновац за 2015. годину ', 9),
(85, NULL, '2017-09-05 20:55:43', 'Izveštaj o realizaciji programa poslovanja.pdf', NULL, 'Извештај о реализацији програма пословања', 9),
(86, NULL, '2017-09-05 20:56:43', 'Resenje o davanju saglasnosti na godisnji izvestaj o stepenu realizacije  Programa poslovanja za 2014. godinu.jpeg.pdf', NULL, 'Решење о давању сагласности на годишњи извешњи изветај о степену реализације Програма пословања за 2014. годину', 9),
(87, NULL, '2017-09-05 20:57:43', 'Odluka o usvajanju godisnjeg izvestaja.pdf', NULL, 'Одлука о усвајању годишњег извештаја', 9),
(88, 'Измена програма пословања II', '2017-09-05 20:58:43', '8 OBRASCI_PP_2015 II izmena.pdf', NULL, 'Биланс успеха 2014', 10),
(89, NULL, '2017-09-05 20:59:43', '7 Odluka II.pdf', NULL, 'Одлука - Друга измена годишњег програма пословања ЈКП \"Водовод и канализација\" Обреновац за 2015. годину', 10),
(90, NULL, '2017-09-05 21:11:40', '6 Resenje II.pdf', NULL, 'Решење - Друга измена годишњег програма пословања ЈКП \"Водовод и канализација\" Обреновац за 2015. годину', 10),
(91, NULL, '2017-09-05 21:12:40', '8 OBRASCI_PP_2015 II izmena (1).pdf', NULL, 'Друга измена годишњег програма пословања ЈКП \"Водовод и канализација\" Обреновац за 2015. годину', 10),
(92, 'Измена програма пословања I', '2017-09-05 21:13:40', '8 OBRASCI_PP_2015 II izmena (2).pdf', NULL, 'Биланс успеха 2014', 11),
(93, NULL, '2017-09-05 22:13:40', '2 Odluka I.pdf', NULL, 'Одлука - Прва измена годишњег програма пословања ЈКП \"Водовод и канализација\" Обреновац за 2015. годину', 11),
(94, NULL, '2017-09-05 22:14:40', '4 Resenje I.pdf', NULL, 'Решење - Прва измена годишњег програма пословања ЈКП \"Водовод и канализација\" Обреновац за 2015. годину', 11),
(95, NULL, '2017-09-05 22:15:40', '3 PP I.pdf', NULL, 'Прва измена годишњег програма пословања ЈКП \"Водовод и канализација\" Обреновац за 2015. годину', 11),
(96, NULL, '2017-09-05 22:16:40', 'program poslovanja spojen 2015.pdf', NULL, ' Прогам пословања 2015', 11),
(97, 'Извештај о тромесечном пословању ЈКП \"Водовод и канализација\" за 2014.', '2017-09-05 22:17:40', 'I KVARTAL- БИЛАНС УСПЕХА у периоду 01.01-31.03.2014.pdf', NULL, 'I квартал', 12),
(98, NULL, '2017-09-05 22:18:40', 'II KVARTAL- БИЛАНС УСПЕХА у периоду 01.04-30.06.2014.pdf', NULL, 'II квартал', 12),
(99, NULL, '2017-09-05 22:19:40', 'III KVARTAL- БИЛАНС УСПЕХА у периоду 01.07-30.09.2014.pdf', NULL, 'III квартал', 12),
(100, NULL, '2017-09-05 22:21:40', 'fajl ceka na upload.pdf', NULL, 'IV квартал', 12),
(101, NULL, '2017-09-05 22:22:40', 'Izvestaj o reviziji 31-3-2014.pdf', NULL, 'Извештај о ревизији редовних годишњих годишњих финансијских извештаја за 2013. годину ЈКП \"Водовод и канализација\" Обреновац од 06.08.2014. године', 12),
(102, NULL, '2017-09-05 22:23:40', 'Izvestaj o reviziji 33-1-2014.pdf', NULL, 'Решење о давању сагласности на пету измену годишњег програма пословања и финансијског плана ЈКП \"ВИК\" Обреновац за 2014. годину', 12),
(103, NULL, '2017-09-05 22:24:40', 'program poslovanja V izmena.pdf', NULL, 'Програм пословања ЈКП \"ВИК\" Обреновац за 2014. год. V измена', 12),
(104, NULL, '2017-09-05 22:25:40', 'izvestaj o stepenu realizacije programa poslovanja.pdf', NULL, 'Сагласност на Извештај о степену реализације Програма пословања ЈКП \"ВИК\" Обреновац за период 01.01.2014. - 30.06.2014.године', 12),
(105, NULL, '2017-09-05 22:26:40', 'odluka nadzornog odbora o popustu.pdf', NULL, 'Одлука Надзорног одбора ЈКП \"Водовод и канализација\" Обреновац о попусту', 12),
(106, NULL, '2017-09-05 22:27:40', 'bilans uspeha 2013.pdf', NULL, 'Биланс успеха 2013. год.', 12),
(107, NULL, '2017-09-05 22:28:40', 'investiciono odrzavanje po kvartalima za 14.pdf', NULL, 'Инвестиционо одржавање ЈКП \"ВИК\" Обреновац по кварталима за 2014. годину', 12),
(108, NULL, '2017-09-05 22:29:40', 'Kapitalna ulaganja.pdf', NULL, 'Кaпитална Улагања у периоду 2014-2016. године', 12),
(109, NULL, '2017-09-05 22:31:40', 'Odluka o donosenju Programa poslovanja 2014.pdf', NULL, 'Oдлука о доношењу програма пословања ЈКП \"ВИК\" Обреновац за 2014. годину', 12),
(110, NULL, '2017-09-05 22:32:40', 'Program poslovanja 2014.pdf', NULL, 'Програм пословања ЈКП \"ВИК\" Обреновац за 2014. годину', 12),
(111, NULL, '2017-09-05 22:33:40', 'resenje o davanju saglasnosti na program poslovanja i fin.plan jkp vik.pdf', NULL, 'Решење о давању сагласности на програм пословања ЈКП \"ВИК\" Обреновац за 2014. годину', 12),
(116, 'Конкурсна документација 10-10-2016', '2017-10-02 20:39:59', 'Конкурсна документација 10-10-2016.pdf', NULL, NULL, 10003),
(117, 'Дневне активности у ЈКП \"Водовод и канализација\" на дан	03-10-2017', '2017-10-03 17:12:40', 'Дневне активности03-10-2017.pdf', NULL, NULL, 15),
(118, 'Одлука о додели уговора 21-11-2016', '2017-10-05 14:03:43', 'Одлука о додели уговора 21-11-2016.pdf', NULL, NULL, 10000),
(119, 'Позив за подношење понуда 06-10-2016', '2017-10-05 14:03:43', 'Позив за подношење понуда 06-10-2016.pdf', NULL, NULL, 10000),
(120, 'Обавештење о закљученом уговору 27-10-2016', '2017-10-05 14:07:15', 'Обавештење о закљученом уговору 27-10-2016.pdf', NULL, NULL, 10001),
(121, 'Одлука о додели уговора 21-10-2016', '2017-10-05 14:07:15', 'Одлука о додели уговора 21-10-2016.pdf', NULL, NULL, 10001),
(122, 'Позив за подношење понуда 10-10-2016', '2017-10-05 14:07:15', 'Позив за подношење понуда 10-10-2016.pdf', NULL, NULL, 10003),
(123, 'Обавештење о закљученом уговору 01-12-2016', '2017-10-05 14:10:12', 'Обавештење о закљученом уговору 01-12-2016.pdf', NULL, NULL, 10003),
(124, 'Одлука о додели уговора 08-11-2016', '2017-10-05 14:10:12', 'Одлука о додели уговора 08-11-2016.pdf', NULL, NULL, 10003),
(125, 'Одлука о додели уговора 31-10-2016', '2017-10-05 14:10:12', 'Одлука о додели уговора 31-10-2016.pdf', NULL, NULL, 10003),
(127, 'Захтев за додатним појашњењима 14-10-2016', '2017-10-05 12:44:18', 'Захтев за додатним појашњењима 14-10-2016.pdf', NULL, NULL, 10004),
(128, 'Захтев за додатним појашњењима 18-10-2016', '2017-10-05 12:45:26', 'Захтев за додатним појашњењима 18-10-2016.pdf', NULL, NULL, 10004),
(129, 'Захтев за додатним појашњењима 19-10-2016', '2017-10-05 12:45:53', 'Захтев за додатним појашњењима 19-10-2016.pdf', NULL, NULL, 10004),
(130, 'Захтев за додатним појашњењима 21-10-2016', '2017-10-05 12:46:08', 'Захтев за додатним појашњењима 21-10-2016.pdf', NULL, NULL, 10004),
(131, 'Измена конкурсне документације 14-10-2016', '2017-10-05 12:46:41', 'Измена конкурсне документације 14-10-2016.pdf', NULL, NULL, 10004),
(132, 'Измена конкурсне документације 21-10-2016', '2017-10-05 12:47:34', 'Измена конкурсне документације 21-10-2016.pdf', NULL, NULL, 10004),
(133, 'Конкурсна документација 14-10-2016', '2017-10-05 12:48:07', 'Конкурсна документација 14-10-2016.pdf', NULL, NULL, 10004),
(134, 'Обавештење о закљученом уговору 30-11-2016', '2017-10-05 12:48:25', 'Обавештење о закљученом уговору 30-11-2016.pdf', NULL, NULL, 10004),
(135, 'Обавештење о поднетом захтеву за заштиту права 21-10-2016', '2017-10-05 12:49:06', 'Обавештење о поднетом захтеву за заштиту права 21-10-2016.pdf', NULL, NULL, 10004),
(136, 'Обавештење о продужењу рока за подношење понуда 21-10-2016', '2017-10-05 12:49:36', 'Обавештење о продужењу рока за подношење понуда 21-10-2016.pdf', NULL, NULL, 10004),
(137, 'Одлука о додели уговора 18-11-2016', '2017-10-05 12:49:59', 'Одлука о додели уговора 18-11-2016.pdf', NULL, NULL, 10004),
(138, 'Позив за подношење понуда 14-10-2016', '2017-10-05 12:50:28', 'Позив за подношење понуда 14-10-2016.pdf', NULL, NULL, 10004),
(139, 'Конкурсна документација 19-10-2016', '2017-10-05 12:51:22', 'Конкурсна документација 19-10-2016.pdf', NULL, NULL, 10005),
(140, 'Одлука о обустави поступка 04-11-2016', '2017-10-05 12:51:48', 'Одлука о обустави поступка 04-11-2016.pdf', NULL, NULL, 10005),
(141, 'Позив за подношење понуда 19-10-2016', '2017-10-05 12:52:14', 'Позив за подношење понуда 19-10-2016.pdf', NULL, NULL, 10005),
(142, 'Конкурсна документација 21-10-2016', '2017-10-05 12:52:57', 'Конкурсна документација 21-10-2016.pdf', NULL, NULL, 10006),
(143, 'Обавештење о закљученом оквирном споразуму 30-11-2016', '2017-10-05 12:53:19', 'Обавештење о закљученом оквирном споразуму 30-11-2016.pdf', NULL, NULL, 10006),
(144, 'Одлука о закључењу оквирног споразума 28-11-2016', '2017-10-05 12:53:43', 'Одлука о закључењу оквирног споразума 28-11-2016.pdf', NULL, NULL, 10006),
(145, 'Позив за подношење понуда 21-10-2016', '2017-10-05 12:53:59', 'Позив за подношење понуда 21-10-2016.pdf', NULL, NULL, 10006),
(146, '2 Одговор на питање 23-11-2016', '2017-10-05 12:55:35', '2 Одговор на питање 23-11-2016.pdf', NULL, NULL, 10007),
(147, 'Измена конкурсне документације 23-11-2016', '2017-10-05 12:55:51', 'Измена конкурсне документације 23-11-2016.pdf', NULL, NULL, 10007),
(148, 'Конкурсна документација 26-10-2016', '2017-10-05 12:56:27', 'Конкурсна документација 26-10-2016.pdf', NULL, NULL, 10007),
(149, 'Обавештење о закљученом уговору 21-12-2016', '2017-10-05 12:56:42', 'Обавештење о закљученом уговору 21-12-2016.pdf', NULL, NULL, 10007),
(150, 'Одговор на питање 18-11-2016', '2017-10-05 13:03:16', 'Одговор на питање 18-11-2016.pdf', NULL, NULL, 10007),
(151, 'Одлука о додели уговора 07-12-2016', '2017-10-05 13:03:47', 'Одлука о додели уговора 07-12-2016.pdf', NULL, NULL, 10007),
(152, 'Позив за подношење понуда 26-10-2016', '2017-10-05 13:04:06', 'Позив за подношење понуда 26-10-2016.pdf', NULL, NULL, 10007),
(153, 'Прилог бр 1 23-11-2016', '2017-10-05 13:04:21', 'Прилог бр 1 23-11-2016.pdf', NULL, NULL, 10007),
(154, 'Измена плана број 5 04-11-2016', '2017-10-05 13:05:05', 'Измена плана број 5 04-11-2016.pdf', NULL, NULL, 10008),
(155, 'Конкурсна документација 04-11-2016', '2017-10-05 13:23:11', 'Конкурсна документација 04-11-2016.pdf', NULL, NULL, 10009),
(156, 'Обавештење о закљученом уговору 06-12-2016', '2017-10-05 13:24:08', 'Обавештење о закљученом уговору 06-12-2016.pdf', NULL, NULL, 10009),
(157, 'Одлука о додели уговора 18-11-2016', '2017-10-05 13:25:15', 'Одлука о додели уговора 18-11-2016.pdf', NULL, NULL, 10009),
(158, 'Позив за подношење понуде 04-11-2016', '2017-10-05 13:26:14', 'Позив за подношење понуде 04-11-2016.pdf', NULL, NULL, 10009),
(159, 'Конкурсна документација 04-11-2016', '2017-10-05 13:28:13', 'Конкурсна документација 04-11-2016.pdf', NULL, NULL, 10010),
(160, 'Одлука о обустави поступка 18-11-2016', '2017-10-05 13:28:54', 'Одлука о обустави поступка 18-11-2016.pdf', NULL, NULL, 10010),
(161, 'Позив за подношење понуда 04-11-2016', '2017-10-05 13:40:28', 'Позив за подношење понуда 04-11-2016.pdf', NULL, NULL, 10010),
(162, 'Захтев за додатним појашњењима 17-11-2016', '2017-10-05 13:59:42', 'Захтев за додатним појашњењима 17-11-2016.pdf', NULL, NULL, 10011),
(163, 'Захтев за додатним појашњењима 21-11-2016', '2017-10-05 14:21:20', 'Захтев за додатним појашњењима 21-11-2016.pdf', NULL, NULL, 10011),
(164, 'Измена конкурсне документације 21-11-2016', '2017-10-05 14:23:14', 'Измена конкурсне документације 21-11-2016.pdf', NULL, NULL, 10011),
(165, 'Конкурсна документација 09-11-2016', '2017-10-05 14:25:42', 'Конкурсна документација 09-11-2016.pdf', NULL, NULL, 10011),
(166, 'Обавештење о закљученом уговору 14-12-2016', '2017-10-05 14:32:27', 'Обавештење о закљученом уговору 14-12-2016.pdf', NULL, NULL, 10011),
(167, 'Обавештење о продужењу рока за подношење понуда 17-11-2016', '2017-10-05 14:33:51', 'Обавештење о продужењу рока за подношење понуда 17-11-2016.pdf', NULL, NULL, 10011),
(168, 'Обавештење о продужењу рока за подношење понуда 21-11-2016', '2017-10-05 14:36:51', 'Обавештење о продужењу рока за подношење понуда 21-11-2016.pdf', NULL, NULL, 10011),
(169, 'Одлука о додели уговора 30-11-2016', '2017-10-05 14:46:11', 'Одлука о додели уговора 30-11-2016.pdf', NULL, NULL, 10011),
(170, 'Позив за подношење понуда 09-11-2016', '2017-10-05 15:00:13', 'Позив за подношење понуда 09-11-2016.pdf', NULL, NULL, 10011),
(171, 'Измена конкурсне документације 17-11-2016', '2017-10-05 15:06:43', 'Izmena konkursne dokumentacije 17-11-2016.pdf', NULL, NULL, 10012),
(172, 'Конкурсна документација 10-11-2016', '2017-10-05 15:13:58', 'Конкурсна документација 10-11-2016.pdf', NULL, NULL, 10012),
(173, 'Обавештење о закљученом уговору 07-12-2016', '2017-10-05 15:15:07', 'Obavestenje o zakljucenom ugovoru 07-12-2016.pdf', NULL, NULL, 10012),
(174, 'Обавештење о продужењу рока за подношење понуда 17-11-2016', '2017-10-05 15:17:16', 'Obavestenje o produzenju roka za podnosenje ponuda 17-11-2016.pdf', NULL, NULL, 10012),
(175, 'Одговор на питање 17-11-2016', '2017-10-05 15:21:47', 'Odgovor na pitanje 2 18-11-2016.pdf', NULL, NULL, 10012),
(176, 'Одговор на питање 2 18-11-2016', '2017-10-05 15:22:07', 'Odgovor na pitanje 17-11-2016.pdf', NULL, NULL, 10012),
(177, 'Одлука о додели уговора 29-11-2016', '2017-10-05 15:22:46', 'Odluka o dodeli ugovora 29-11-2016.pdf', NULL, NULL, 10012),
(178, 'Позив за подношење понуда 10-11-2016', '2017-10-05 15:23:09', 'Poziv za podnosenje ponuda 10-11-2016.pdf', NULL, NULL, 10012),
(179, 'Конкурсна документација 10-11-2016', '2017-10-05 16:03:10', 'Конкурсна документација 10-11-2016.pdf', NULL, NULL, 10013),
(180, 'Обавештење о закључењу уговора 13-12-2016', '2017-10-05 16:04:35', 'Обавештење о закључењу уговора 13-12-2016.pdf', NULL, NULL, 10013),
(181, 'Одлука о додели уговора 13-12-2016', '2017-10-05 16:09:39', 'Одлука о додели уговора 13-12-2016.pdf', NULL, NULL, 10013),
(182, 'Позив за подношење понуде 10-11-2016', '2017-10-05 16:12:26', 'Poziv za podnosenje ponude 10-11-2016.pdf', NULL, NULL, 10013),
(183, 'Конкурсна документација 15-11-2016', '2017-10-05 16:15:45', 'Конкурсна документација 15-11-2016.pdf', NULL, NULL, 10014),
(184, 'Одлука о обустави поступка 18-11-2016', '2017-10-05 16:25:39', 'Odluka o obustavi postupka 18-11-2016.pdf', NULL, NULL, 10014),
(185, 'Позив за подношење понуда 15-11-2016', '2017-10-05 16:26:50', 'Poziv za podnosenje ponuda 15-11-2016.pdf', NULL, NULL, 10014),
(186, 'Конкурсна документација 16-11-2016', '2017-10-05 16:27:44', 'Konkursna dokumentacija 16-11-2016.pdf', NULL, NULL, 10015),
(187, 'Обавештење о обустави поступка 12-12-2016', '2017-10-05 16:28:00', 'Obavestenje o obustavi postupka 12-12-2016.pdf', NULL, NULL, 10015),
(188, 'Одлука о обустави поступка 29-11-2016', '2017-10-05 16:28:19', 'Odluka o obustavi postupka 29-11-2016.pdf', NULL, NULL, 10015),
(189, 'Позив за подношење понуда 16-11-2016', '2017-10-05 16:28:32', 'Poziv za podnosenje ponude 16-11-2016.pdf', NULL, NULL, 10015),
(190, 'Измена конкурсне документације 02-12-2016', '2017-10-05 16:29:18', 'Izmena konkursne dokumentacije 02-12-2016.pdf', NULL, NULL, 10016),
(191, 'Конкурсна документација 16-11-2016', '2017-10-05 16:29:36', 'Konkurnsa dokumentacija 16-11-2016.pdf', NULL, NULL, 10016),
(192, 'Обавештење о закљученом оквирном споразуму 25-01-2017', '2017-10-05 16:29:49', 'Obavestenje o zakljucenom okvirnom sporazumu 25-01-2017.pdf', NULL, NULL, 10016),
(193, 'Одлука о закључењу оквирног споразума П1 29-12-2016', '2017-10-05 16:30:29', 'odluka o zakljucenom okvirnom sporazumu p1 29-12-2016.pdf', NULL, NULL, 10016),
(194, 'Одлука о обустави поступка П2 29-12-2016', '2017-10-05 16:30:43', 'odluka o obustavi postupka p2 29-12-2016.pdf', NULL, NULL, 10016),
(195, 'Позив за подношење понуда 16-11-2016', '2017-10-05 16:30:57', 'poziv za podnosenje ponude 16-11-2016.pdf', NULL, NULL, 10016),
(196, 'Захтев за додатним појашњењима 14-12-2016', '2017-10-05 17:13:00', 'Zahtev sa dodatnim pojasnjenjem 14-12-2016.pdf', NULL, NULL, 10017),
(197, 'Измена конкурсне документације 14-12-2016', '2017-10-05 17:13:17', 'Izmena konkursne dokumentacije 14-12-2016.pdf', NULL, NULL, 10017),
(198, 'Измена конкурсне документације 29-11-2016', '2017-10-05 17:13:35', 'Izmena konkursne dokumentacije 29-11-2016.pdf', NULL, NULL, 10017),
(199, 'Конкурсна документација 18-11-2016', '2017-10-05 17:13:53', 'Konkursna dokumentacija 18-11-2016.pdf', NULL, NULL, 10017),
(200, 'Обавештење о закљученом уговору 18-01-2017', '2017-10-05 17:14:19', 'Obavestenje o zakljucenom ugovoru.pdf', NULL, NULL, 10017),
(201, 'Обавештење о продужењу рока за подношење понуда 14-12-2016', '2017-10-05 17:14:37', 'Obavestenje u produzenom roku za podnosenje ponude 14-12-2016.pdf', NULL, NULL, 10017),
(202, 'Одлука о додели уговора 30-12-2016', '2017-10-05 17:14:51', 'Odluka o dodeli ugovora 30-12-2016.pdf', NULL, NULL, 10017),
(203, 'Одлука о измени уговора 13-03-2017', '2017-10-05 17:15:17', 'Odluka o izmeni ugovora 13-03-2017.pdf', NULL, NULL, 10017),
(204, 'Одлука о измени уговора бр.2 04-04-2017', '2017-10-05 17:15:37', 'Odluka o izmeni ugovora br.2 04-04-2017.pdf', NULL, NULL, 10017),
(205, 'Позив за подношење понуда 18-11-2016', '2017-10-05 17:15:50', 'Poziv za podnosenje ponuda 18-11-2016.pdf', NULL, NULL, 10017),
(206, 'Конкурсна документација 23-11-2016', '2017-10-05 17:16:33', 'Konkursna dokumentacija 23-11-2016.pdf', NULL, NULL, 10018),
(207, 'Обавештење о закљученом уговору 28-12-2016', '2017-10-05 17:17:02', 'Obavestenje o zakljucenom ugovoru 28-12-2016.pdf', NULL, NULL, 10018),
(208, 'Одлука о додели уговора 08-12-2016', '2017-10-05 17:17:26', 'Odluka o dodeli ugovora 08-12-2016.pdf', NULL, NULL, 10018),
(209, 'Позив за подношење понуда 23-11-2016', '2017-10-05 17:17:39', 'Poziv za podnosenje ponuda 23-11-2016.pdf', NULL, NULL, 10018),
(210, 'Конкурсна документација 24-11-2016', '2017-10-05 17:18:21', 'KOnkursna dokumentacija 24-11-2016.pdf', NULL, NULL, 10019),
(211, 'Обавештење о обустави поступка 16-12-2016', '2017-10-05 17:18:34', 'Obavestenje o obustavi postupka 16-12-2016.pdf', NULL, NULL, 10019),
(212, 'Одлука о обустави поступка 09-12-2016', '2017-10-05 17:18:48', 'Odluka o obustavi postupka 09-12-2016.pdf', NULL, NULL, 10019),
(213, 'Позив за подношење понуда 24-11-2016', '2017-10-05 17:19:28', 'Poziv za podnosenje ponuda 24-11-2016.pdf', NULL, NULL, 10019),
(214, 'Конкурсна документација 28-11-2016', '2017-10-05 17:22:27', 'Konkursna dokumetnacija 28-11-2016.pdf', NULL, NULL, 10020),
(215, 'Одлука о обустави поступка 13-01-2017', '2017-10-05 17:22:40', 'Odluka o obustavi postupka 13-01-2017.pdf', NULL, NULL, 10020),
(216, 'Позив за подношење понуда 28-11-2016', '2017-10-05 17:22:50', 'Poziv za podnosenje ponuda 28-11-2016.pdf', NULL, NULL, 10020),
(217, 'Конкурсна документација 30-11-2016', '2017-10-05 17:23:35', 'Konkursna dokumentacija 30-11-2016.pdf', NULL, NULL, 10021),
(218, 'Одлука о обустави поступка 05-01-2017', '2017-10-05 17:25:02', 'Odluka o obustavi postupka 05-01-2017.pdf', NULL, NULL, 10021),
(219, 'Позив за подношење понуде 30-11-2016', '2017-10-05 17:25:20', 'Poziv za podnosenje ponude 30-11-2016.pdf', NULL, NULL, 10021),
(220, 'Измена и допуна конкурсне документације 22-12-2016', '2017-10-05 17:25:56', 'Izmena i dobpuna konkursne dokumentacije 22-12-2016.pdf', NULL, NULL, 10022),
(221, 'Конкурсна документација 06-12-2016', '2017-10-05 17:26:35', 'Konkursna dokumentacija 06-12-2016.pdf', NULL, NULL, 10022),
(222, 'Обавештење о закљученом уговору 31-01-2017', '2017-10-05 17:26:47', 'Obavestenje o zakljucenom ugovoru 31-01-2017.pdf', NULL, NULL, 10022),
(223, 'Одлука о додели уговора 13-01-2017', '2017-10-05 17:26:58', 'Odluika o dodeli ugovora 13-01-2017.pdf', NULL, NULL, 10022),
(224, 'Позив за подношење понуда 06-12-2016', '2017-10-05 17:27:10', 'Poziv za podnodenje ponuda 06-12-2016.pdf', NULL, NULL, 10022),
(225, 'Појашњење у вези са припремањем понуде 22-12-2016', '2017-10-05 17:27:25', 'Pojasnjenje u vezi sa prirpemanjem ponude 22-12-2016.pdf', NULL, NULL, 10022),
(226, 'Конкурсна документација 06-12-2016', '2017-10-05 17:28:16', 'Konkursna dokumentacija 06-12-2016.pdf', NULL, NULL, 10023),
(227, 'Обавештење о закљученом уговору 30-12-2016', '2017-10-05 17:28:46', 'Obavestenje o zakljucenom ugovoru 30-12-2016.pdf', NULL, NULL, 10023),
(228, 'Одлука о додели уговора 20-12-2016', '2017-10-05 17:28:58', 'ODluka o dodeli ugovora 20-12-2016.pdf', NULL, NULL, 10023),
(229, 'Позив за подношење понуде 06-12-2016', '2017-10-05 17:29:11', 'Poziv za podnosenje ugovora 06-12-2016.pdf', NULL, NULL, 10023),
(230, 'Конкурсна документација 06-12-2016', '2017-10-05 17:29:52', 'Konkursna dokumentacija 06-12-2016.pdf', NULL, NULL, 10024),
(231, 'Одговор на питање 16-12-2016', '2017-10-05 17:30:06', 'Odgovor na pitanje 16-12-2016.pdf', NULL, NULL, 10024),
(232, 'Одлука о обустави поступка 29-12-2016', '2017-10-05 17:30:21', 'Odluka o obustavi postupka 29-12-2016.pdf', NULL, NULL, 10024),
(233, 'Позив за подношење понуда 06-12-2016', '2017-10-05 17:30:37', 'Poziv na posnosenje ponude 06-12-2016.pdf', NULL, NULL, 10024),
(234, 'Конкурсна документација 14-12-2016', '2017-10-05 18:40:45', 'Konkursna dokumentacija 14-12-2016.pdf', NULL, NULL, 10025),
(235, 'Обавештење о закљученом уговору 07-02-2017', '2017-10-05 18:40:58', 'Obavestenje o zakljucenom ugovoru 07-02-2017.pdf', NULL, NULL, 10025),
(236, 'Одлука о додели уговора 19-01-2017', '2017-10-05 18:41:15', 'Odluka o dodeli ugovora 19-01-2017.pdf', NULL, NULL, 10025),
(237, 'Позив за поднишење понуде 14-12-2016', '2017-10-05 18:41:29', 'Poziv za podnosenje ponuda 14-12-2016.pdf', NULL, NULL, 10025),
(238, 'Конкурсна документација 14-12-2016', '2017-10-05 18:44:58', 'Konkursna dokumentacija 14-12-2016.pdf', NULL, NULL, 10026),
(239, 'Обавештење о закљученом уговору 18-01-2017', '2017-10-05 18:45:12', 'Obavestenje o zakljucenom ugovoru 18-01-2017.pdf', NULL, NULL, 10026),
(240, 'Одлука о додели уговора 30-12-2016', '2017-10-05 18:45:33', 'Odluka o dodeli ugovora 30-12-2016.pdf', NULL, NULL, 10026),
(241, 'Позив за подношење понуде 14-12-2016', '2017-10-05 18:45:45', 'Poziv za podnosnje ponude 14-12-2016.pdf', NULL, NULL, 10026),
(242, 'Измењен план јавних набавки 26-12-2016', '2017-10-05 18:46:31', 'Izmena plana javnih nabavki 26-12-2016.pdf', NULL, NULL, 10027),
(243, 'Конкурсна документација 10-01-2017', '2017-10-05 18:48:32', 'Konkursna dokumentacija 10-01-2017.pdf', NULL, NULL, 10028),
(244, 'Обавештење о обустави поступка јавне набавке 06-03-2017', '2017-10-05 18:48:46', 'Obavestenje o obustavi postupka javne nabavke 06-03-2017.pdf', NULL, NULL, 10028),
(245, 'Одлука о обустави поступка 20-02-2017', '2017-10-05 18:49:02', 'Odluka o obustavi postupka 20-02-2017.pdf', NULL, NULL, 10028),
(246, 'Позив за подношење понуда 10-01-2017', '2017-10-05 18:49:16', 'Poziv za podnosnje ponuda 10-01-2017.pdf', NULL, NULL, 10028),
(247, 'Измена плана јавних набавки 02-06-2017', '2017-10-05 18:50:09', 'Izmena plana javnih nabavki 02-06-2017.pdf', NULL, NULL, 10029),
(248, 'Измена плана јавних набавки 06-02-2017', '2017-10-05 18:50:24', 'Izmena plana javnih nabavki 06-02-2017.pdf', NULL, NULL, 10029),
(249, 'Измена плана јавних набавки 10-03-2017', '2017-10-05 18:50:43', 'Izmena plana javnih nabavki 10-03-2017.pdf', NULL, NULL, 10029),
(250, 'Измена плана јавних набавки 20-07-2017', '2017-10-05 18:51:12', 'Izmena plana javnih nabavki 20-07-2017.pdf', NULL, NULL, 10029),
(251, 'Измена плана јавних набавки 28-03-2017', '2017-10-05 18:51:47', 'Izmena plana javnih nabavki 28-03-2017.pdf', NULL, NULL, 10029),
(252, 'План јавних набавки 20-01-2017', '2017-10-05 18:52:07', 'Plan javnih nabavki 20-01-2017.pdf', NULL, NULL, 10029),
(253, 'Измена конкурсне документације 20-02-2017', '2017-10-05 18:53:22', 'Izmena konkursne dokumentacije 20-02-2017.pdf', NULL, NULL, 10030),
(254, 'Конкурсна документација 30-01-2017', '2017-10-05 18:53:33', 'Konkursna dokumentacija 30-01-2017.pdf', NULL, NULL, 10030),
(255, 'Обавештење о закљученом уговору 28-03-2017', '2017-10-05 18:53:50', 'Obavestenje u zakljucenom ugovoru 28-03-2017.pdf', NULL, NULL, 10030),
(256, 'Одлука о додели уговора 14-03-2017', '2017-10-05 18:54:03', 'Odluka o dodeli ugovora 14-03-2017.pdf', NULL, NULL, 10030),
(257, 'Позив за подношење понуда 30-01-2017', '2017-10-05 18:54:15', 'Poz za podnosenje ponuda 30-01-2017.pdf', NULL, NULL, 10030),
(258, 'Појашњење у вези са припремањем понуде 09-02-2017', '2017-10-05 18:54:37', 'Pojasnjenje u vezi sa pripremanjem ponude 09-02-2017.pdf', NULL, NULL, 10030),
(259, 'Појашњење у вези са припремањем понуде 20-02-2017', '2017-10-05 18:54:48', 'Pojasnjenje u vezi sa pripremanjem ponude 20-02-2017.pdf', NULL, NULL, 10030),
(260, 'Појашњење у вези са припремањем понуде 21-02-2017', '2017-10-05 18:55:19', 'Pojasnjenje u vezi sa pripremanjem ponude 21-02-2017.pdf', NULL, NULL, 10030),
(261, 'Конкурсна документација 01-02-2017', '2017-10-05 18:56:52', 'Konkursna dokumentacija 01-02-2017.pdf', NULL, NULL, 10031),
(262, 'Обавештење о закљученом оквирном споразуму 14-03-2017', '2017-10-05 18:57:05', 'Obavestenje o zakljucenom okvirnom sporazumu 14-03-2017.pdf', NULL, NULL, 10031),
(263, 'Одлука о закључењу оквирног споразума 08-03-2017', '2017-10-05 18:57:16', 'Odluka o zakljucivanju okvirnog sporazuma 08-03-2017.pdf', NULL, NULL, 10031),
(264, 'Позив за подношење понуда 01-02-2017', '2017-10-05 18:57:29', 'Poziv na podnosenje ponuda 01-02-2017.pdf', NULL, NULL, 10031),
(265, 'Конкурсна документација 02-02-2017', '2017-10-05 18:58:36', 'Konkursna dokumentacija 02-02-2017.pdf', NULL, NULL, 10032),
(266, 'Обавештење о закљученом уговору партија 2 08-03-2017', '2017-10-05 18:58:48', 'Obavestenje o zakljucenom ugovoru partija 2 08-03-2017.pdf', NULL, NULL, 10032),
(267, 'Одлука о додели уговора партија 2 20-02-2017', '2017-10-05 18:59:13', 'Odluka o dodeli ugovora partija 2 20-02-2017.pdf', NULL, NULL, 10032),
(268, 'Одлука о обустави поступка партија 1 20-02-2017', '2017-10-05 18:59:41', 'Odluka o obustavi postupka partija 1 20-02-2017.pdf', NULL, NULL, 10032),
(269, 'Позив за подношење понуда 02-02-2017', '2017-10-05 18:59:56', 'Poziv za podnosenje ponude 02-02-2017.pdf', NULL, NULL, 10032),
(270, 'Захтев за додатним појашњењима 27-02-2017', '2017-10-05 19:00:42', 'Zahtev sa dodatnim pojasnjenjem 27-02-2017.pdf', NULL, NULL, 10033),
(271, 'Измена конкурсне документације 13-02-2017', '2017-10-05 19:00:58', 'Izmena konkursne dokumentacije 13-02-2017.pdf', NULL, NULL, 10033),
(272, 'Измена конкурсне документације 27-02-2017', '2017-10-05 19:01:18', 'Izmena konkursne dokumentacije 27-02-2017.pdf', NULL, NULL, 10033),
(273, 'Конкурсна документација 08-02-2017', '2017-10-05 19:01:46', 'Konkursna dokumentacija 08-02-2017.pdf', NULL, NULL, 10033),
(274, 'Обавештење о обустави поступка - Партија 1 21-03-2017', '2017-10-05 19:02:02', 'Obavestenje o obustavi postupka - Partija 1 21-03-2017.pdf', NULL, NULL, 10033),
(275, 'Обавештење о обустави поступка - Партија 2 21-03-2017', '2017-10-05 19:02:15', 'Obavestenje o obustavi postupka - Partija 2 21-03-2017.pdf', NULL, NULL, 10033),
(276, 'Обавештење о обустави поступка - Партија 3 21-03-2017', '2017-10-05 19:02:31', 'Obavestenje o obustavi postupka - Partija 3 21-03-2017.pdf', NULL, NULL, 10033),
(277, 'Одлука о обустави поступка - Партија 1 10-03-2017', '2017-10-05 19:02:46', 'Odluka o obustavi postupka - Partija 1 10-03-2017.pdf', NULL, NULL, 10033),
(278, 'Одлука о обустави поступка - Партија 2 10-03-2017', '2017-10-05 19:03:00', 'Odluka o obustavi postupka - Partija 2 10-03-2017.pdf', NULL, NULL, 10033),
(279, 'Одлука о обустави поступка - Партија 3 10-03-2017', '2017-10-05 19:03:18', 'Odluka o obustavi postupka - Partija 3 10-03-2017.pdf', NULL, NULL, 10033),
(280, 'Позив за подношење понуда 08-02-2017', '2017-10-05 19:03:30', 'Poziv za podnosenje ponuda 08-02-2017.pdf', NULL, NULL, 10033),
(281, 'Oдлука о обустави поступка - Партија 3 12-04-2017', '2017-10-05 19:04:32', 'Odluka o obustavi postupka - Partija 3 12-04-2017.pdf', NULL, NULL, 10034),
(282, 'Конкурсна документација 10-02-2017', '2017-10-05 19:04:43', 'Konkursna dokumentacija 10-02-2017.pdf', NULL, NULL, 10034),
(283, 'Обавештење о закљученом уговору - Партија 1 13-04-2017', '2017-10-05 19:04:56', 'Obavestenje o zakljucenom ugovoru - Partija 1 13-04-2017.pdf', NULL, NULL, 10034),
(284, 'Обавештење о закљученом уговору - Партија 2 03-04-2017', '2017-10-05 19:05:26', 'Obavestenje o zakljucenom ugovoru - Partija 2 03-04-2017.pdf', NULL, NULL, 10034),
(285, 'Обавештење о закљученом уговору - Партија 5 04-04-2017', '2017-10-05 19:05:42', 'Obavestenje o zakljucenom ugovoru - Partija 5 04-04-2017.pdf', NULL, NULL, 10034),
(286, 'Обавештење о закљученом уговору - Партија 6 11-04-2017', '2017-10-05 19:05:55', 'Obavestenje o zakljucenom ugovoru - Partija 6 11-04-2017.pdf', NULL, NULL, 10034),
(287, 'Обавештење о закљученом уговору - Партија 7 11-04-2017', '2017-10-05 19:06:08', 'Obavestenje o zakljucenom ugovoru - Partija 7 11-04-2017.pdf', NULL, NULL, 10034),
(288, 'Обавештење о обустави поступка - Партија 3 24-04-2017', '2017-10-05 19:06:22', 'Obavestenje o obustavi postupka- Partija 3 24-04-2017.pdf', NULL, NULL, 10034),
(289, 'Обавештење о обустави поступка - Партија 4 03-04-2017', '2017-10-05 19:06:35', 'Obavestenje o obustavi postupka- Partija 4 03-04-2017.pdf', NULL, NULL, 10034),
(290, 'Одлука о додели уговора - Партија 1 21-03-2017', '2017-10-05 19:06:57', 'Odluka o dodeli ugovora - Partija 1 21-03-2017.pdf', NULL, NULL, 10034),
(291, 'Одлука о додели уговора - Партија 2 21-03-2017', '2017-10-05 19:07:31', 'Odluka o dodeli ugovora - Partija 2 21-03-2017.pdf', NULL, NULL, 10034),
(292, 'Одлука о додели уговора - Партија 5 27-03-2017', '2017-10-05 19:07:45', 'Odluka o dodeli ugovora - Partija 5 27-03-2017.pdf', NULL, NULL, 10034),
(293, 'Одлука о додели уговора - Партија 6 21-03-2017', '2017-10-05 19:08:11', 'Odluka o dodeli ugovora - Partija 6 21-03-2017.pdf', NULL, NULL, 10034),
(294, 'Одлука о додели уговора - Партија 7 21-03-2017', '2017-10-05 19:08:23', 'Odluka o dodeli ugovora - Partija 7 21-03-2017.pdf', NULL, NULL, 10034),
(295, 'Одлука о обустави поступка - Партија 4 21-03-2017', '2017-10-05 19:08:57', 'Odluka o obustavi postupka - Partija 4 21-03-2017.pdf', NULL, NULL, 10034),
(296, 'Позив за подношење понуда 10-02-2017', '2017-10-05 19:09:08', 'Poziv za podnosenje ponuda 10-02-2017.pdf', NULL, NULL, 10034),
(297, 'Измена конкурсне документације 23-02-2017', '2017-10-06 12:05:17', 'Izmena konkursne dokumentacija 23-02-2017.pdf', NULL, NULL, 10035),
(298, 'Конкурсна документација 20-02-2017', '2017-10-06 12:05:29', 'konkursna dokumentacija 20-02-2017.pdf', NULL, NULL, 10035),
(299, 'Обавештење о донетој одлуци републичке комисије 26-05-2017', '2017-10-06 12:05:52', 'Obavestenje o donetoj odluci republicke komisije 26-05-2017.pdf', NULL, NULL, 10035),
(300, 'Обавештење о закљученом уговору 23-06-2017', '2017-10-06 12:06:04', 'Obavestenje o zakljucenom ugovoru 23-06-2017.pdf', NULL, NULL, 10035),
(301, 'Обавештење о поднетом захтеву за заштиту права 31-03-2017', '2017-10-06 12:06:17', 'Obavestenje o podnetom zahtevu za zastitu prava 31-03-2017.pdf', NULL, NULL, 10035),
(302, 'Одлука о додели уговора 14-06-2017', '2017-10-06 12:06:32', 'Odluka o dodeli ugovora 14-06-2017.pdf', NULL, NULL, 10035),
(303, 'Одлука о обустави поступка 28-03-2017', '2017-10-06 12:06:46', 'Odluka o obustavi postupka 28-03-2017.pdf', NULL, NULL, 10035),
(304, 'Позив за подношење понуда 20-02-2017', '2017-10-06 12:06:59', 'Poziv za podnosenje ponuda 20-02-2017.pdf', NULL, NULL, 10035),
(305, 'Измена конкурсне документације 17-03-2017', '2017-10-06 12:08:00', 'Izmena konkursne dokumentacije 17-03-2017.pdf', NULL, NULL, 10036),
(306, 'Конкурсна документација 20-02-2017', '2017-10-06 12:08:17', 'KOnkursna dokumentacija 20-02-2017.pdf', NULL, NULL, 10036),
(307, 'Обавештење о закљученом уговору - Партија 1 05-05-2017', '2017-10-06 12:08:38', 'Obavestenje o zakljucenom ugovoru - Partija 1 05-05-2017.pdf', NULL, NULL, 10036),
(308, 'Обавештење о закљученом уговору - Партија 2 27-04-2017', '2017-10-06 12:09:03', 'Obavestenje o zakljucenom ugovoru - Partija 2 27-04-2017.pdf', NULL, NULL, 10036),
(309, 'Обавештење о продужењу рока за подношење понуда 17-03-2017', '2017-10-06 12:09:15', 'Obavestenje o produzenju roka za podnosenje ponuda 17-03-2017.pdf', NULL, NULL, 10036),
(310, 'Одлука о додели уговора - Партија 1 07-04-2017', '2017-10-06 12:09:34', 'Odluka o dodeli ugovora - Partija 1 07-04-2017.pdf', NULL, NULL, 10036),
(311, 'Позив за подношење понуда 20-02-2017', '2017-10-06 12:09:51', 'Poziv za podnosenje ponuda 20-02-2017.pdf', NULL, NULL, 10036),
(312, 'Измена конкурсне документације 27-02-2017', '2017-10-06 12:10:37', 'Izmena konkursne dokumentacije 27-02-2017.pdf', NULL, NULL, 10037),
(313, 'Конкурсна документација 23-02-2017', '2017-10-06 12:10:49', 'Konkursna dokumentacija 23-02-2017.pdf', NULL, NULL, 10037),
(314, 'Одговор и појашњење конкурсне документације 27-02-2017', '2017-10-06 12:11:05', 'Odgovor i pojasnjenje konkursne dokumentacije 27-02-2017.pdf', NULL, NULL, 10037),
(315, 'Одлука о додели уговора партија 2 17-03-2017', '2017-10-06 12:11:37', 'Odluka o dodleli ugovora partija 2 17-03-2017.pdf', NULL, NULL, 10037),
(316, 'Одлука о закључењу оквирног споразума партија 1 22-03-2017', '2017-10-06 12:11:50', 'Odluka o zakljucivanju okvirnog sporazuma partija 1 22-03-2017.pdf', NULL, NULL, 10037),
(317, 'Позив за подношење понуда 23-02-2017', '2017-10-06 12:12:04', 'Poziv za podnosenje ponuda 23-02-2017.pdf', NULL, NULL, 10037),
(318, 'Конкурсна документација 01-03-2017', '2017-10-06 12:12:37', 'KOnkursna dokumentacija 01-03-2017.pdf', NULL, NULL, 10038),
(319, 'Обавештење о закљученом уговору 25-04-2017', '2017-10-06 12:12:50', 'Obavestenje o zakljucenom ugovoru 25-04-2017.pdf', NULL, NULL, 10038),
(320, 'Одлука о додели уговора 07-04-2017', '2017-10-06 12:13:03', 'Odluka o dodeli ugovora 07-04-2017.pdf', NULL, NULL, 10038),
(321, 'Позив за подношење понуда 01-03-2017', '2017-10-06 12:13:16', 'Poziv za podnosenje ponuda 01-03-2017.pdf', NULL, NULL, 10038),
(322, 'Конкурсна документација 01-03-2017', '2017-10-06 12:14:15', 'KOnkursna dokumetacija 01-03-2017.pdf', NULL, NULL, 10039),
(323, 'Обавештење о закљученом уговору 28-03-2017', '2017-10-06 12:14:32', 'Obavestenje o zakljucenom ugovoru 28-03-2017.pdf', NULL, NULL, 10039),
(324, 'Одлука о додели уговора 14-03-2017', '2017-10-06 12:14:44', 'Odluka o dodeli ugovora 14-03-2017.pdf', NULL, NULL, 10039),
(325, 'Позив за подношење понуда 01-03-2017', '2017-10-06 12:14:56', 'Poziv za podnosenje ponuda 01-03-2017.pdf', NULL, NULL, 10039),
(326, 'Конкурсна документација 01-03-2017', '2017-10-06 12:15:51', 'Konkursna dokumentacija 01-03-2017.pdf', NULL, NULL, 10040),
(327, 'Обавештење о закљученом уговору 11-05-2017', '2017-10-06 12:16:05', 'Obavestenje o zakljucenom ugovoru 11-05-2017.pdf', NULL, NULL, 10040),
(328, 'Одговор на питање 03-03-2017', '2017-10-06 12:16:16', 'Odgovor na pitanje 03-03-2017.pdf', NULL, NULL, 10040),
(329, 'Одлука о додели уговора 19-04-2017', '2017-10-06 12:16:30', 'Odluka o dodeli ugovora 19-04-2017.pdf', NULL, NULL, 10040);
INSERT INTO `report` (`id`, `title`, `date_created`, `pdf`, `excell`, `summary`, `report_category`) VALUES
(330, 'Позив за подношење понуде 01-03-2017', '2017-10-06 12:16:42', 'Poziv za podnosenje ponude 01-03-2017.pdf', NULL, NULL, 10040),
(331, 'Конкурсна документација 03-03-2017', '2017-10-06 12:17:22', 'Konkursna dokumentacija 03-03-2017.pdf', NULL, NULL, 10041),
(332, 'Обавештење о закљученом уговору 19-04-2017', '2017-10-06 12:17:47', 'Obavestenje o zakljucivanju ugovora 19-04-2017.pdf', NULL, NULL, 10041),
(333, 'Одлука о додели уговора 12-04-2017', '2017-10-06 12:17:59', 'Odluka o dodeli ugovora 12-04-2017.pdf', NULL, NULL, 10041),
(334, 'Позив за подношење понуда 03-03-2017', '2017-10-06 12:18:11', 'Poziv za podnosenje ponude 03-03-2017.pdf', NULL, NULL, 10041),
(335, 'Захтев за додатним објашњењем 08-03-2017', '2017-10-06 12:19:25', 'Zahtev sa dodatnim objasnjenjem 08-03-2017.pdf', NULL, NULL, 10042),
(336, 'Захтев за додатним објашњењем 10-03-2017', '2017-10-06 12:19:36', 'Zahtev sa dodatnim objasnjenjem 10-03-2017.pdf', NULL, NULL, 10042),
(337, 'Конкурсна документација 06-03-2017', '2017-10-06 12:19:47', 'Konkursna dokumentacija 06-03-2017.pdf', NULL, NULL, 10042),
(338, 'Обавештење о закљученом уговору 24-03-2017', '2017-10-06 12:19:59', 'Obavestenje o zakljucenom ugovoru 24-03-2017.pdf', NULL, NULL, 10042),
(339, 'Одлука о додели уговора 20-03-2017', '2017-10-06 12:20:14', 'Odluka o dodeli ugovora 20-03-2017.pdf', NULL, NULL, 10042),
(340, 'Позив за подношење понуда 06-03-2017', '2017-10-06 12:20:30', 'Poziv za podnosenje ugovora 06-03-2017.pdf', NULL, NULL, 10042),
(341, 'Захтев за додатним објашњењима 15-03-2017', '2017-10-06 12:23:51', 'Zahtev sa dodatnim obavestenjem 15-03-2017.pdf', NULL, NULL, 10043),
(342, 'Конкурсна документација 09-03-2017', '2017-10-06 12:24:05', 'Konkursna dokumetnacija 09-03-2017.pdf', NULL, NULL, 10043),
(343, 'Обавештење о закљученом уговору 13-04-2017', '2017-10-06 12:24:41', 'Obavestenje o zakljucenom ugovoru 13-04-2017.pdf', NULL, NULL, 10043),
(344, 'Одлука о додели уговора 27-03-2017', '2017-10-06 12:24:59', 'Odluka o dodeli ugovora 27-03-2017.pdf', NULL, NULL, 10043),
(345, 'Позив за подношење понуда 09-03-2017', '2017-10-06 12:25:15', 'Poziv za podnosenje ponuda 09-03-2017.pdf', NULL, NULL, 10043),
(346, 'Конкурсна документација 10-03-2017', '2017-10-06 12:26:26', 'Konkursna dokumentacija 10-03-2017.pdf', NULL, NULL, 10044),
(347, 'Обавештење о закљученом уговору партија 1 11-05-2017', '2017-10-06 12:26:38', 'Obavestenje o zakljucenom ugovoru partija 1 11-05-2017.pdf', NULL, NULL, 10044),
(348, 'Обавештење о закљученом уговору партија 2 11-05-2017', '2017-10-06 12:26:53', 'Obavestenje o zakljucenom ugovoru partija 2.pdf', NULL, NULL, 10044),
(349, 'Одлука о додели уговора партија 1 20-04-2017', '2017-10-06 12:27:29', 'Odluka o dodeli ugovora partija 1 20-04-2017.pdf', NULL, NULL, 10044),
(350, 'Одлука о додели уговора партија 2 20-04-2017', '2017-10-06 12:27:47', 'Odluka o dodeli ugovora partija 2 20-04-2017.pdf', NULL, NULL, 10044),
(351, 'Позив за подношење понуда 10-03-2017', '2017-10-06 12:28:11', 'Poziv za podnosenje ponuda 10-03-2017.pdf', NULL, NULL, 10044),
(352, 'Конкурсна документација 14-03-2017', '2017-10-06 12:29:03', 'Konkursna dokumentacija 14-03-2017.pdf', NULL, NULL, 10045),
(353, 'Обавештење о закљученом уговору 12-04-2017', '2017-10-06 12:29:18', 'Obavestenje o zakljucenom ugovoru 12-04-2017.pdf', NULL, NULL, 10045),
(354, 'Одлука о додели уговора 27-03-2017', '2017-10-06 12:29:33', 'Odluka o dodeli ugovora 27-03-2017.pdf', NULL, NULL, 10045),
(355, 'Позив за подношење понуда 14-03-2017', '2017-10-06 12:29:50', 'Poziv za podnosenje ponuda 14-03-2017.pdf', NULL, NULL, 10045),
(356, 'Конкурсна документација 15-03-2017', '2017-10-06 12:30:56', 'KOnkursna dokumentacija 15-03-2017.pdf', NULL, NULL, 10046),
(357, 'Обавештење о закљученом уговору 09-05-2017', '2017-10-06 12:31:08', 'Obavestenje o zakljucenom ugovoru 09-05-2017.pdf', NULL, NULL, 10046),
(358, 'Одлука о додели уговора 20-04-2017', '2017-10-06 12:31:25', 'Odluka o dodeli ugovora 20-04-2017.pdf', NULL, NULL, 10046),
(359, 'Позив за подношење понуда 15-03-2017', '2017-10-06 12:31:40', 'Poziv za podnosenje ponuda 15-03-2017.pdf', NULL, NULL, 10046),
(360, 'Појашњење у вези са припремањем понуде 23-03-2017', '2017-10-06 12:31:54', 'Pojasnjenje u vezi sa propremanjem ponude 23-03-2017.pdf', NULL, NULL, 10046),
(361, 'Конкурсна документација 17-03-2017', '2017-10-06 12:34:01', 'Konkursna dokumentacija 17-03-2017.pdf', NULL, NULL, 10047),
(362, 'Одлука о додели уговора 29-03-2017', '2017-10-06 12:34:26', 'Odluka o dodeli ugovora 29-03-2017.pdf', NULL, NULL, 10047),
(363, 'Позив за подношење понуда 17-03-2017', '2017-10-06 12:34:55', 'Poziv za podnosenje ponuda 17-03-2017.pdf', NULL, NULL, 10047),
(364, 'Конкурсна документација 21-03-2017', '2017-10-06 12:35:25', 'Konkursna dokumentacija 21-03-2017.pdf', NULL, NULL, 10048),
(365, 'Обавештење о закљученом уговору - Партија 1 19-04-2017', '2017-10-06 12:35:44', 'Obavestenje o zakljucenom ugovoru - Partija 1 19-04-2017.pdf', NULL, NULL, 10048),
(366, 'Обавештење о закљученом уговору - Партија 2 19-04-2017', '2017-10-06 12:35:59', 'Obavestenje o zakljucenom ugovoru - Partija 2 19-04-2017.pdf', NULL, NULL, 10048),
(367, 'Обавештење о закљученом уговору - партија 3 18-04-2017', '2017-10-06 12:36:12', 'Obavestenje o zakljucenom ugovoru - Partija 3 18-04-2017.pdf', NULL, NULL, 10048),
(368, 'Одлука о додели уговора - Партија 1 30-03-2017', '2017-10-06 12:36:25', 'Odluka o dodeli ugovora - Partija 1 30-03-2017.pdf', NULL, NULL, 10048),
(369, 'Одлука о додели уговора - Партија 2 30-03-2017', '2017-10-06 12:36:37', 'Odluka o dodeli ugovora - Partija 2 30-03-2017.pdf', NULL, NULL, 10048),
(370, 'Одлука о додели уговора - Партија 3 30-03-2017', '2017-10-06 12:36:51', 'Odluka o dodeli ugovora - Partija 3 30-03-2017.pdf', NULL, NULL, 10048),
(371, 'Позив за подношење понуде 21-03-2017', '2017-10-06 12:37:13', 'Poziv za podnosenje ponude 21-03-2017.pdf', NULL, NULL, 10048),
(372, 'Одлука о обустави поступка 08-05-2017', '2017-10-06 12:38:49', 'Odluka 08-05-2017.pdf', NULL, NULL, 10049),
(373, 'Позив за подношење понуда 28-03-2017', '2017-10-06 12:39:01', 'Poziv 28-03-2017.pdf', NULL, NULL, 10049),
(374, 'Конкурсна документација 29-03-2017', '2017-10-06 12:39:52', 'Konkursna dokumentacija 29-03-2017.pdf', NULL, NULL, 10050),
(375, 'Обавештење о закљученом уговору 27-04-2017', '2017-10-06 12:40:03', 'Obavestenje o zakljucenom ugovoru 27-04-2017.pdf', NULL, NULL, 10050),
(376, 'Одлука о додели уговора 19-04-2017', '2017-10-06 12:40:17', 'Odluka o dodeli ugovora 19-04-2017.pdf', NULL, NULL, 10050),
(377, 'Позив за подношење понуда 29-03-2017', '2017-10-06 12:40:28', 'Poziv za podnosenje ponuda 29-03-2017.pdf', NULL, NULL, 10050),
(378, 'Измена документације 2 28-04-2017', '2017-10-06 12:41:00', 'Izmena dokumentacije 2 28-04-2017.pdf', NULL, NULL, 10051),
(379, 'Измена конкурсне документације 26-04-2017', '2017-10-06 12:41:17', 'Izmena konkursne dokumentacije 26-04-2017.pdf', NULL, NULL, 10051),
(380, 'Конкурсна документација 30-03-2017', '2017-10-06 12:41:29', 'Konkursna dokumetacija 30-03-2017.pdf', NULL, NULL, 10051),
(381, 'Обавештење о продужењу рока за подношење понуда 26-04-2017', '2017-10-06 12:41:40', 'Obavestenje o produzenju roka za podnosenje ponude 26-04-2017.pdf', NULL, NULL, 10051),
(382, 'Обавештење о продужењу рока за подношење понуда 28-04-2017', '2017-10-06 12:41:53', 'Obavestenje o produzenju roka za podnosenje ponude 28-04-2017.pdf', NULL, NULL, 10051),
(383, 'Партија 1 обавештење о закљученом оквирном споразуму 01-06-2017', '2017-10-06 12:42:10', 'Partija 1 Obavestenje o zakljucenom okvirnom sporazumu 01-06-2017.pdf', NULL, NULL, 10051),
(384, 'Партија 1 Одлука о закључењу оквирног споразума 19-05-2017', '2017-10-06 12:42:29', 'Partija 1 Odluka o zakljucenju okvirnog sporazuma 19-05-2017.pdf', NULL, NULL, 10051),
(385, 'Партија 2 обавештење о обустави поступка 06-06-2017', '2017-10-06 12:42:43', 'Partija 2 Obavestenje o obustavi postupka 06-06-2017.pdf', NULL, NULL, 10051),
(386, 'Партија 2 одлука о обустави поступка 24-05-2017', '2017-10-06 12:42:57', 'Partija 2 odluka o obustavi postupka 24-05-2017.pdf', NULL, NULL, 10051),
(387, 'Партија 3 обавештење о закљученом оквирном споразуму 08-06-2017', '2017-10-06 12:43:18', 'Partija 3 obavestenje o zakljucenju okvirnog sporazuma 08-06-2017.pdf', NULL, NULL, 10051),
(388, 'Партија 3 Одлука о закључењу оквирног споразума 29-05-2017', '2017-10-06 12:43:31', 'Partija 3 Odluka o zakljucenju okvirnog sporazuma 29-05-2017.pdf', NULL, NULL, 10051),
(389, 'Позив за подношење понуда 30-03-2017', '2017-10-06 12:43:57', 'Poziv za podnosenje ponuda 30-03-2017.pdf', NULL, NULL, 10051),
(390, 'Конкурсна документација 30-03-2017', '2017-10-06 12:44:35', 'Konkursna dokumetacija 30-03-2017.pdf', NULL, NULL, 10052),
(391, 'Обавештење о закљученом уговору 29-05-2017', '2017-10-06 12:44:54', 'Obavestenje o zakljucenom ugovoru 29-05-2017.pdf', NULL, NULL, 10052),
(392, 'Одговор на питање 28-04-2017', '2017-10-06 12:45:06', 'Odgovor na pitanje 28-04-2017.pdf', NULL, NULL, 10052),
(393, 'Одлука о додели уговора 11-05-2017', '2017-10-06 12:45:26', 'Odluka o dodeli ugovora 11-05-2017.pdf', NULL, NULL, 10052),
(394, 'Позив за подношење понуда 30-03-2017', '2017-10-06 12:45:38', 'Poziv za podnosenje ponuda 30-03-2017.pdf', NULL, NULL, 10052),
(395, 'Конкурсна документација 31-03-2017', '2017-10-06 12:46:25', 'Konursna dokumetacija 31-03-2017.pdf', NULL, NULL, 10053),
(396, 'Обавештење о обустави поступка јавне набавке 18-04-2017', '2017-10-06 12:46:39', 'Obavestenje o obustavi postupka javne nabavke 18-04-2017.pdf', NULL, NULL, 10053),
(397, 'Одлука о обустави поступка 12-04-2017', '2017-10-06 12:46:50', 'Odluka o obustavi postupka 12-04-2017.pdf', NULL, NULL, 10053),
(398, 'Позив за подношење понуда 31-03-2017', '2017-10-06 12:47:04', 'Poziv za podnosnje ponuda 31-03-2017.pdf', NULL, NULL, 10053),
(399, 'Измена и допуна конкурсне документације 10-04-2017', '2017-10-06 12:47:59', 'Izmena i dopuna konkursne dokumentacije 10-04-2017.pdf', NULL, NULL, 10054),
(400, 'Конкурсна документација 03-04-2017', '2017-10-06 12:48:14', 'Konkursna dokumetacija 03-04-2017.pdf', NULL, NULL, 10054),
(401, 'Обавештење о обустави поступка 09-05-2017', '2017-10-06 12:48:36', 'Resenje o obustavi postupka 09-05-2017.pdf', NULL, NULL, 10054),
(402, 'Обавештење о обустави поступка 15-05-2017', '2017-10-06 12:49:00', 'Resenje o obustavi postupka 15-05-2017.pdf', NULL, NULL, 10054),
(403, 'Обавештење о продужењу рока за подношење понуда 13-04-2017', '2017-10-06 12:49:18', 'Produzenje roka 13-04-2017.pdf', NULL, NULL, 10054),
(404, 'Одлука о продужењу рока подношења понуда 10-04-2017', '2017-10-06 12:49:49', 'Produzenje roka dva.pdf', NULL, NULL, 10054),
(405, 'Позив за подношење понуда 03-04-2017', '2017-10-06 12:50:02', 'Poziv za podnosenje ponuda 03-04-2017.pdf', NULL, NULL, 10054),
(406, 'Појашњење у вези са припремањем понуде 07-04-2017', '2017-10-06 12:50:22', 'Pojasnjenje u vezi sa pripemanjem ponude 07-04-2017.pdf', NULL, NULL, 10054),
(407, 'Појашњење у вези са припремањем понуде 10-04-2017', '2017-10-06 12:50:38', 'Pojasnjenje u vezi sa pripemanjem ponude 10-04-2017.pdf', NULL, NULL, 10054),
(408, 'Конкурсна документација 04-04-2017', '2017-10-06 12:51:13', 'KD 04-04-2017.pdf', NULL, NULL, 10055),
(409, 'Обавештење о закљученом уговору 08-06-2017', '2017-10-06 12:51:30', 'Obavestenje o zakljucenom ugovoru 08-06-2017.pdf', NULL, NULL, 10055),
(410, 'Одлука о додели уговора 11-05-2017', '2017-10-06 12:51:42', 'Odluka o dodeli ugovora 11-05-2017.pdf', NULL, NULL, 10055),
(411, 'Одлука о измени уговора 05-09-2017', '2017-10-06 12:51:58', 'Odluka o izmeni ugovora 05-09-2017.pdf', NULL, NULL, 10055),
(412, 'Позив за подношење понуда 04-04-2017', '2017-10-06 12:52:10', 'Poziv za podnosnje ponuda 04-04-2017.pdf', NULL, NULL, 10055),
(413, 'Захтев за додатним појашњењима 05-05-2017', '2017-10-06 12:52:51', 'Zahtev za dodatnim pojasnjenjem 05-05-2017.pdf', NULL, NULL, 10056),
(414, 'Конкурсна документација 06-04-2017', '2017-10-06 12:53:01', 'KD 06-04-2017.pdf', NULL, NULL, 10056),
(415, 'Обавештење о закљученом уговору 07-06-2017', '2017-10-06 12:53:14', 'Obavestenje o zakljucenom ugovoru 07-06-2017.pdf', NULL, NULL, 10056),
(416, 'Одлука о додели уговора 12-05-2017', '2017-10-06 12:53:26', 'Odluka o dodeli ugovora 12-05-2017.pdf', NULL, NULL, 10056),
(417, 'Позив за подношење понуда 06-04-2017', '2017-10-06 12:53:37', 'Poziv za podnosenje ponuda 06-04-2017.pdf', NULL, NULL, 10056),
(418, 'Конкурсна документација 06-04-2017', '2017-10-06 12:54:06', 'KD 06-04-2017.pdf', NULL, NULL, 10057),
(419, 'Обавештење о закљученом уговору 02-06-2017', '2017-10-06 12:54:20', 'Obavestenje o zakljucenom ugovoru 02-06-2017.pdf', NULL, NULL, 10057),
(420, 'Одговор и појашњење конкурсне документације бр.2 05-05-2017', '2017-10-06 12:54:37', 'Dokumentacije br.2 05-05-2017.pdf', NULL, NULL, 10057),
(421, 'Одлука о додели уговора 18-05-2017', '2017-10-06 12:54:47', 'Odluka o dodeli ugovora 18-05-2017.pdf', NULL, NULL, 10057),
(422, 'Позив за подношење понуда 06-04-2017', '2017-10-06 12:54:58', 'POziv za podnosenje ponuda 06-04-2017.pdf', NULL, NULL, 10057),
(423, '2 Одговор - Пoјашњење 05-05-2017', '2017-10-06 12:56:17', 'Pojasnjenje br.2 05-05-2017.pdf', NULL, NULL, 10058),
(424, 'Измена документације 13-04-2017', '2017-10-06 12:56:28', 'Izmena dokumentacije 13-04-2017.pdf', NULL, NULL, 10058),
(425, 'Конкурсна документација 06-04-2017', '2017-10-06 12:56:40', 'KD 06-04-2017.pdf', NULL, NULL, 10058),
(426, 'Обавештење о закљученом уговору 20-06-2017', '2017-10-06 12:56:51', 'Obavestenje o zakljucenom ugovoru 20-06-2017.pdf', NULL, NULL, 10058),
(427, 'Одговор-Појашњење 13-04-2017', '2017-10-06 12:57:01', 'OP13-04-2017.pdf', NULL, NULL, 10058),
(428, 'Одлука о додели уговора 24-05-2017', '2017-10-06 12:57:12', 'Odluka o dodeli ugovora 24-05-2017.pdf', NULL, NULL, 10058),
(429, 'Позив за подношење понуда 06-04-2017', '2017-10-06 12:57:26', 'Poziv za podnosenje ponuda 06-04-2017.pdf', NULL, NULL, 10058),
(430, 'Измена конкурсне документације 08-05-2017', '2017-10-06 12:58:06', 'Izmena konkursne dokumentacije 08-05-2017.pdf', NULL, NULL, 10059),
(431, 'Конкурсна документација 18-04-2017', '2017-10-06 12:58:19', 'KD 18-04-2017.pdf', NULL, NULL, 10059),
(432, 'Обавештење о закљученом уговору 31-05-2017', '2017-10-06 12:58:33', 'Obavestenje 31-05-2017.pdf', NULL, NULL, 10059),
(433, 'Одлука о додели уговора 30-05-2017', '2017-10-06 12:58:43', 'Odluka o dodeli ugovora 30-05-2017.pdf', NULL, NULL, 10059),
(434, 'Позив за подношење понуда 18-04-2017', '2017-10-06 12:58:59', 'Poziv za podnosenje ugovora 18-04-2017.pdf', NULL, NULL, 10059),
(435, 'Конкурсна документација 19-04-2017', '2017-10-06 13:00:19', 'KD 19-04-2017.pdf', NULL, NULL, 10060),
(436, 'Обавештење о закљученом уговору 17-05-2017', '2017-10-06 13:00:35', 'Obavestenje o zakljucenom ugovoru 17-05-2017.pdf', NULL, NULL, 10060),
(437, 'Одлука о додели уговора 04-05-2017', '2017-10-06 13:00:50', 'Odluka o dodeli ugovora 04-05-2017.pdf', NULL, NULL, 10060),
(438, 'Позив за подношење пријаве 19-04-2017', '2017-10-06 13:01:06', 'Poziv za podnosenje ponuda 19-04-2017.pdf', NULL, NULL, 10060),
(439, 'Конкурсна документација 19-04-2017', '2017-10-06 13:02:37', 'KD 19-04-2017.pdf', NULL, NULL, 10061),
(440, 'Обавештење о закљученом уговору 09-06-2017', '2017-10-06 13:02:51', 'Obavestenje o sakljucenom ugovoru 09-06-2017.pdf', NULL, NULL, 10061),
(441, 'Одлука о додели уговора 2 02-06-2017', '2017-10-06 13:03:04', 'Odluka o dodeli ugovora 2 02-06-2017.pdf', NULL, NULL, 10061),
(442, 'Одлука о додели уговора 26-05-2017', '2017-10-06 13:03:28', 'Odluka o dodeli ugovora 26-05-2017.pdf', NULL, NULL, 10061),
(443, 'Позив за подношење понуде 19-04-2017', '2017-10-06 13:03:40', 'Poziv za podnosenje ponude 19-04-2017.pdf', NULL, NULL, 10061),
(444, 'Конкурсна документација 19-04-2017', '2017-10-06 13:04:20', 'KD 19-04-2017.pdf', NULL, NULL, 10062),
(445, 'Обавештење о закљученом уговору 12-06-2017', '2017-10-06 13:04:34', 'Obavestenje o zakljucenom ugovoru 12-06-2017.pdf', NULL, NULL, 10062),
(446, 'Одлука о додели уговора 25-05-2017', '2017-10-06 13:04:46', 'Odluka o dodeli ugovora 25-05-2017.pdf', NULL, NULL, 10062),
(447, 'Позив за подношење понуде 19-04-2017', '2017-10-06 13:04:58', 'Poziv za podnosenje ponude 19-04-2017.pdf', NULL, NULL, 10062),
(448, 'Конкурсна документација 21-04-2017', '2017-10-06 13:06:34', 'KD 21-04-2017.pdf', NULL, NULL, 10063),
(449, 'Одлука о додели уговора 26-05-2017', '2017-10-06 13:06:48', 'Odluka o dodeli ugovora 26-05-2017.pdf', NULL, NULL, 10063),
(450, 'Позив за подношење понуда 21-04-2017', '2017-10-06 13:07:03', 'Poziv za podnosenje ponuda 21-04-2017.pdf', NULL, NULL, 10063),
(451, 'Конкурсна документација 25-04-2017', '2017-10-06 13:07:53', 'KD 25-04-2017.pdf', NULL, NULL, 10064),
(452, 'Обавештење о закљученом уговору - Партија 1 23-05-2017', '2017-10-06 13:08:06', 'Obavestenje o zakljucenom ugovoru - Partija 1 23-05-2017.pdf', NULL, NULL, 10064),
(453, 'Обавештење о обустави поступка - Партија 2 17-05-2017', '2017-10-06 13:08:18', 'Obavestenje o obustavi postupka - Partija 2 17-05-2017.pdf', NULL, NULL, 10064),
(454, 'Одлука о додели уговора - Партија 1 11-05-2017', '2017-10-06 13:08:33', 'Odluka o dodeli ugovora - Partija 1 11-05-2017.pdf', NULL, NULL, 10064),
(455, 'Одлука о обустави поступка - Партија 2 11-05-2017', '2017-10-06 13:08:47', 'Odluka o obustavi postupka - Partija 2 11-05-2017.pdf', NULL, NULL, 10064),
(456, 'Позив за подношење понуда 25-04-2017', '2017-10-06 13:08:58', 'Poziv za podnosenje ponuda 25-04-2017.pdf', NULL, NULL, 10064),
(457, 'Измена конкурсне документације 27-04-2017', '2017-10-06 13:10:08', 'Izmena konkursne dokumetacije 27-04-2017.pdf', NULL, NULL, 10065),
(458, 'Конкурсна документација 26-04-2017', '2017-10-06 13:10:20', 'KD 26-04-2017.pdf', NULL, NULL, 10065),
(459, 'Обавештење о закљученом уговору 08-06-2017', '2017-10-06 13:10:32', 'Obavestenje o zakljucenom ugovoru 08-06-2017.pdf', NULL, NULL, 10065),
(460, 'Одлука о додели уговора 26-05-2017', '2017-10-06 13:11:02', 'Odluka o dodeli ugovora 26-05-2017.pdf', NULL, NULL, 10065),
(461, 'Позив за подношење понуда 26-04-2017', '2017-10-06 13:11:15', 'Poziv na podnosenje ponuda 26-04-2017.pdf', NULL, NULL, 10065),
(462, 'Конкурсна документација 28-04-2017', '2017-10-06 13:53:41', 'KD 28-04-2017.pdf', NULL, NULL, 10066),
(463, 'Обавештење о закљученом уговору 06-07-2017', '2017-10-06 13:53:57', 'Obavestenje o zakljucenom ugovoru 06-07-2017.pdf', NULL, NULL, 10066),
(464, 'Одлука о додели уговора 01-06-2017', '2017-10-06 13:54:12', 'Odluka o dodeli ugovora 01-06-2017.pdf', NULL, NULL, 10066),
(465, 'Позив за подношење понуда 28-04-2017', '2017-10-06 13:54:22', 'Poziv za podnosenje ponude 28-04-2017.pdf', NULL, NULL, 10066),
(466, 'Конкурсна документација 28-04-2017', '2017-10-06 13:55:04', 'KD 28-04-2017.pdf', NULL, NULL, 10067),
(467, 'Обавештење о закљученом уговору 09-06-2017', '2017-10-06 13:55:17', 'Obavestenje o zakljucenom ugovoru 09-06-2017.pdf', NULL, NULL, 10067),
(468, 'Одлука о додели уговора 18-05-2017', '2017-10-06 13:55:28', 'Odluka o dodeli ugovora 18-05-2017.pdf', NULL, NULL, 10067),
(469, 'Позив за подношење понуда 28-04-2017', '2017-10-06 13:55:50', 'Poziv za podnosenje ponuda 28-04-2017.pdf', NULL, NULL, 10067),
(470, 'Конкурсна документација 05-05-2017', '2017-10-06 13:56:59', 'KD 05-05-2017.pdf', NULL, NULL, 10068),
(471, 'Обавештење о закљученом уговору 26-05-2017', '2017-10-06 13:57:11', 'Obavestenje o zakljucenom ugovoru 26-05-2017.pdf', NULL, NULL, 10068),
(472, 'Одлука о додели уговора 23-05-2017', '2017-10-06 13:57:22', 'Odluka o dodeli ugovora 23-05-2017.pdf', NULL, NULL, 10068),
(473, 'Позив за подношење понуда 05-05-2017', '2017-10-06 13:57:35', 'Poziv za podnosenje ponuda 05-05-2017.pdf', NULL, NULL, 10068),
(474, 'Конкурсна документација 09-05-2017', '2017-10-06 13:58:37', 'KD 09-05-2017.pdf', NULL, NULL, 10069),
(475, 'Обавештење о закљученом уговору 09-06-2017', '2017-10-06 13:58:48', 'Obavestenje o zakljucenom ugovoru 09-06-2017.pdf', NULL, NULL, 10069),
(476, 'Одлука о додели уговора 26-05-2017', '2017-10-06 13:59:00', 'Odluka o dodeli ugovora 26-05-2017.pdf', NULL, NULL, 10069),
(477, 'Позив за подношење понуда 09-05-2017', '2017-10-06 13:59:11', 'Poziv za podnosenje ugovora 09-05-2017.pdf', NULL, NULL, 10069),
(478, 'Конкурсна документација 11-05-2017', '2017-10-06 13:59:58', 'KD 11-05-2017.pdf', NULL, NULL, 10070),
(479, 'Обавештење о закљученом уговору - Партија 1 20-06-2017', '2017-10-06 14:00:14', 'Obavestenje o zakljucenom ugovoru - Partija 1 20-06-2017.pdf', NULL, NULL, 10070),
(480, 'Обавештење о обустави поступка - Партија 2 26-06-2017', '2017-10-06 14:00:25', 'Obavestenje o obustavi postupka - Partija 2 26-06-2017.pdf', NULL, NULL, 10070),
(481, 'Одлука о додели уговора - Партија 1 14-06-2017', '2017-10-06 14:00:37', 'Odluka o dodeli ugovora - Partija 1 14-06-2017.pdf', NULL, NULL, 10070),
(482, 'Одлука о обустави поступка - Партија 2 14-06-2017', '2017-10-06 14:01:11', 'Odluka o obustavi postupka - Partija 2 14-06-2017.pdf', NULL, NULL, 10070),
(483, 'Позив за подношење понуда 11-05-2017', '2017-10-06 14:01:23', 'Poziv za podnosenje ponuda 11-05-2017.pdf', NULL, NULL, 10070),
(484, 'Oдлука о додели уговора 04-07-2017', '2017-10-06 14:02:09', 'Odluka o dodeli ugovora 04-07-2017.pdf', NULL, NULL, 10071),
(485, 'Захтев за додатним појашњењем 08-06-2017', '2017-10-06 14:02:25', 'Zahtev za dodatnim pojasnjenjem 08-06-2017.pdf', NULL, NULL, 10071),
(486, 'Захтев за додатним појашњењем 13-06-2017', '2017-10-06 14:02:35', 'Zahtev za dodatnim pojasnjenjem 13-06-2017.pdf', NULL, NULL, 10071),
(487, 'Захтев за додатним појашњењем 14-06-2017', '2017-10-06 14:02:49', 'Zahtev za dodatnim pojasnjenjem 14-06-2017.pdf', NULL, NULL, 10071),
(488, 'Конкурсна документација 19-05-2017', '2017-10-06 14:03:00', 'KD 19-05-2017.pdf', NULL, NULL, 10071),
(489, 'Обавештење о закљученом уговору 27-07-2017', '2017-10-06 14:03:14', 'Obavestenje o zakljucemo ugovoru 27-07-2017.pdf', NULL, NULL, 10071),
(490, 'Позив за поднoшење понуда 19-05-2017', '2017-10-06 14:03:24', 'Poziv za podnosenje ponuda 19-05-2017.pdf', NULL, NULL, 10071),
(491, 'Конкурсна документација 26-05-2017', '2017-10-06 14:04:23', 'KD 26-05-2017.pdf', NULL, NULL, 10072),
(492, 'Обавештење о обустави поступка јавне набавке 10-07-2017', '2017-10-06 14:05:06', 'Obavestenje o obustavi postupka javne nabavke 10-07-2017.pdf', NULL, NULL, 10072),
(493, 'Одлука о обустави поступка 29-06-2017', '2017-10-06 14:05:21', 'Odluka o obustavi postupka 29-06-2017.pdf', NULL, NULL, 10072),
(494, 'Позив за подношење понуда 26-05-2017', '2017-10-06 14:05:32', 'Poziv za podnosenje ponuda 26-05-2017.pdf', NULL, NULL, 10072),
(495, 'Одлука о додели уговора 14-06-2017', '2017-10-06 14:07:26', 'Odluka 14-06-2017.pdf', NULL, NULL, 10073),
(496, 'Позив за подношење понуда 29-05-2017', '2017-10-06 14:07:43', 'Ponuda 29-05-2017.pdf', NULL, NULL, 10073),
(497, 'Конкурсна документација 02-06-2017', '2017-10-06 14:09:45', 'KD 02-06-2017.pdf', NULL, NULL, 10075),
(498, 'Одлука о додели уговора 14-06-2017', '2017-10-06 14:09:57', 'Odluka o dodeli ugovora 14-06-2017.pdf', NULL, NULL, 10075),
(499, 'Позив за подношење понуда 02-06-2017', '2017-10-06 14:10:08', 'Poziv za podnosenje ponuda 02-06-2017.pdf', NULL, NULL, 10075),
(500, 'Измена конкурсне документације 15-06-2017', '2017-10-06 14:10:50', 'Izmena KD 15-06-2017.pdf', NULL, NULL, 10076),
(501, 'Конкурсна документација 07-06-2017', '2017-10-06 14:11:33', 'KD 07-06-2017.pdf', NULL, NULL, 10076),
(502, 'Обавештење о закљученом уговору 09-08-2017', '2017-10-06 14:11:45', 'Obavestenje o zakljucenom ugovoru 09-08-2017.pdf', NULL, NULL, 10076),
(503, 'Обавештење о продужењу рока за подношење понуда 15-06-2017', '2017-10-06 14:11:58', 'Obavestenje o produzenju roka za podnosenje ponuda 15-06-2017.pdf', NULL, NULL, 10076),
(504, 'Позив за подношење понуда 07-06-2017', '2017-10-06 14:12:10', 'Poziv za podnosenje ponuda 07-06-2017.pdf', NULL, NULL, 10076),
(505, 'Одговор на питање број 2 13-06-2017', '2017-10-06 14:13:14', 'Odgovor na pitanje br.2 13-06-2017.pdf', NULL, NULL, 10077),
(506, 'Конкурсна документација 07-06-2017', '2017-10-06 14:13:25', 'KD 07-06-2017.pdf', NULL, NULL, 10077),
(507, 'Обавештење о закљученом уговору 21-07-2017', '2017-10-06 14:13:42', 'Obavestenje o zakljucenom ugovoru 21-07-2017.pdf', NULL, NULL, 10077),
(508, 'Одговор на питање 12-06-2017', '2017-10-06 14:13:56', 'Odgovor na pitanje 12-06-2017.pdf', NULL, NULL, 10077),
(509, 'Одлука о додели уговора 26-06-2017', '2017-10-06 14:14:10', 'Odluka o dodeli ugovora 26-06-2017.pdf', NULL, NULL, 10077),
(510, 'Позив за подношење понуда 07-06-2017', '2017-10-06 14:14:22', 'Poziv za podnosenje ugovora 07-06-2017.pdf', NULL, NULL, 10077),
(511, 'Конкурсна документација 08-06-2017', '2017-10-06 14:15:33', 'KD 08-06-2017.pdf', NULL, NULL, 10078),
(512, 'Одлука о додели уговора - Партија 1 14-07-2017', '2017-10-06 14:15:44', 'Odluka o dodeli ugovora - Partija 1 14-07-2017.pdf', NULL, NULL, 10078),
(513, 'Одлука о додели уговора - Партија 3 14-07-2017', '2017-10-06 14:15:57', 'Odluka o dodeli ugovora - Partija 3 14-07-2017.pdf', NULL, NULL, 10078),
(514, 'Позив за подношење понуде 08-06-2017', '2017-10-06 14:16:27', 'Poziv za podnosenje ponuda 08-06-2017.pdf', NULL, NULL, 10078),
(515, 'Захтев за додатним објашњењима 05-07-2017', '2017-10-06 14:17:34', 'Zahtev sa dodatnim objasnjenjem 05-07-2017.pdf', NULL, NULL, 10079),
(516, 'Измена конкурсне документације 05-07-2017', '2017-10-06 14:17:51', 'Izmena konkursne dokumentacije 05-07-2017.pdf', NULL, NULL, 10079),
(517, 'Конкурсна документација 12-06-2017', '2017-10-06 14:18:10', 'KD 12-06-2017.pdf', NULL, NULL, 10079),
(518, 'Обавештење о закљученом уговору 21-07-2017', '2017-10-06 14:18:22', 'Obavestenje o zakljucenom ugovoru 21-07-2017-1.pdf', NULL, NULL, 10079),
(519, 'Обавештење о продужењу рока за подношење понуда 05-07-2017', '2017-10-06 14:18:39', 'Obavestenje o produzenju roka za podnosnje ponuda 05-07-2017.pdf', NULL, NULL, 10079),
(520, 'Одлука о додели уговора 18-07-2017', '2017-10-06 14:18:50', 'Odluka o dodeli ugovora 18-07-2017.pdf', NULL, NULL, 10079),
(521, 'Позив за подношење понуда 12-06-2017', '2017-10-06 14:19:12', 'Poziv za podnosenje ponuda 12-06-2017.pdf', NULL, NULL, 10079),
(522, 'Конкурсна документација 13-06-2017', '2017-10-06 14:20:17', 'KD 13-06-2017.pdf', NULL, NULL, 10080),
(523, 'Обавештење о закљученом оквирном споразуму 21-07-2017', '2017-10-06 14:20:29', 'Ugovor 21-07-2017.pdf', NULL, NULL, 10080),
(524, 'Обавештење о покретању преговарачког поступка без објављивања позива 13-06-2017', '2017-10-06 14:20:41', 'Obavestenje 13-06-2017.pdf', NULL, NULL, 10080),
(525, 'Одлука о закључењу оквирног споразума 07-07-2017', '2017-10-06 14:20:53', 'Odluka o zakljucenju okvirnog sporazuma 07-07-2017.pdf', NULL, NULL, 10080),
(526, 'Позив за подношење понуда 13-06-2017', '2017-10-06 14:21:03', 'Poziv za podnosenje ponuda 13-06-2017.pdf', NULL, NULL, 10080),
(527, 'Конкурсна документација 15-06-2017', '2017-10-06 14:21:42', 'KD 15-06-2017.pdf', NULL, NULL, 10081),
(528, 'Одлука о додели уговора 17-07-2017', '2017-10-06 14:21:55', 'Odluka o dodeli ugovora 17-07-2017.pdf', NULL, NULL, 10081),
(529, 'Позив за подношење понуда 15-06-2017', '2017-10-06 14:22:06', 'Poziv za podnosenje ponuda 15-06-2017.pdf', NULL, NULL, 10081),
(530, 'Конкурсна документација 16-06-2017', '2017-10-06 14:23:08', 'KD 16-06-2017.pdf', NULL, NULL, 10082),
(531, 'Обавештење о закљученом уговору 04-08-2017', '2017-10-06 14:23:20', 'Obavestenje o zakljucenom ugovoru 04-08-2017.pdf', NULL, NULL, 10082),
(532, 'Обавештење о покретању преговарачког поступка без објављивања преговарачког поступка 16-06-2017', '2017-10-06 14:23:33', 'Pregovori.pdf', NULL, NULL, 10082),
(533, 'Одлука о додели уговора 04-07-2017', '2017-10-06 14:23:49', 'Odluka o dodeli ugovora 04-07-2017.pdf', NULL, NULL, 10082),
(534, 'Конкурсна документација 16-06-2017', '2017-10-06 14:24:17', 'KD 16-06-2017.pdf', NULL, NULL, 10083),
(535, 'Обавештење о обустави поступка 18-07-2017', '2017-10-06 14:26:24', 'Obavestenje o obustavi postupka 18-07-2017.pdf', NULL, NULL, 10083),
(536, 'Одлука о обустави поступка 11-07-2017', '2017-10-06 14:26:45', 'Odluka o obustavi postupka 11-07-2017.pdf', NULL, NULL, 10083),
(537, 'Позив за подношење понуда 16-06-2017', '2017-10-06 14:26:55', 'Poziv za podnosenje ponuda 16-06-2017.pdf', NULL, NULL, 10083),
(538, 'Обавештење о закљученом уговору 08-08-2017', '2017-10-06 14:28:16', 'Obavestenje.pdf', NULL, NULL, 10084),
(539, 'Преговарачки поступак 19-06-2017', '2017-10-06 14:29:20', 'Pregovaracki postupak.pdf', NULL, NULL, 10084),
(540, 'Конкурсна документација 09-06-2017', '2017-10-06 14:29:58', 'KD 09-06-2017.pdf', NULL, NULL, 10085),
(541, 'Обавештење о обустави поступка 24-07-2017', '2017-10-06 14:30:09', 'Obavestenje o obustavi postupka 24-07-2017.pdf', NULL, NULL, 10085),
(542, 'Одлука о обустави поступка 14-07-2017', '2017-10-06 14:30:20', 'Odluka o obustavi postupka 14-07-2017.pdf', NULL, NULL, 10085),
(543, 'Позив за подношење понуда 09-06-2017', '2017-10-06 14:30:32', 'Poziv za podnosenje ponuda 09-06-2017.pdf', NULL, NULL, 10085),
(544, 'Конкурсна документација 28-06-2017', '2017-10-06 14:31:07', 'KD 28-06-2017.pdf', NULL, NULL, 10086),
(545, 'Обавештење о закљученом уговору 08-08-2017', '2017-10-06 14:31:22', 'Obavestenje o zakljucenom ugovoru 08-08-2017.pdf', NULL, NULL, 10086),
(546, 'Обавештење о покретању преговарачког поступка без објављивања позива 28-06-2017', '2017-10-06 14:31:36', 'Obavestenje.pdf', NULL, NULL, 10086),
(547, 'Одлука о додели уговора 21-07-2017', '2017-10-06 14:31:52', 'Odluka o dodeli ugovora 21-07-2017.pdf', NULL, NULL, 10086),
(548, 'Позив за подношење позива 28-06-2017', '2017-10-06 14:32:08', 'Poziv za podnosenje ponuda 28-06-2017.pdf', NULL, NULL, 10086),
(549, 'Конкурсна документација 21-07-2017', '2017-10-06 14:32:36', 'KD 21-07-2017.pdf', NULL, NULL, 10087),
(550, 'Обавештење о закљученом уговору 12-09-2017', '2017-10-06 14:32:59', 'Obavestenje o zakljucenom ugovoru 12-09-2017.pdf', NULL, NULL, 10087),
(551, 'Одлука о додели уговора 31-08-2017', '2017-10-06 14:33:09', 'Odluka o dodeli ugovora 31-08-2017.pdf', NULL, NULL, 10087),
(552, 'Позив за подношење понуда 21-07-2017', '2017-10-06 14:34:18', 'Poziv za podnosenje ponuda 21-07-2017.pdf', NULL, NULL, 10087),
(553, 'Конкурсна документација 26-07-2017', '2017-10-06 14:34:48', 'KD 26-07-2017.pdf', NULL, NULL, 10088),
(554, 'Одлука о додели уговора 01-09-2017', '2017-10-06 14:35:00', 'Odluka o dodeli ugovora 01-09-2017.pdf', NULL, NULL, 10088),
(555, 'Позив за подношење понуда 26-07-2017', '2017-10-06 14:35:12', 'Poziv za podnosenje ponuda 26-07-2017.pdf', NULL, NULL, 10088),
(556, 'Измена и допуна конкурсне документације 31-07-2017', '2017-10-06 14:35:47', 'Izmena konkursne dokumentacije 31-07-2017.pdf', NULL, NULL, 10089),
(557, 'Измена и допуна конкурсне документације бр. 2 18-08-2017', '2017-10-06 14:36:02', 'Izmena konkursne dokumentacije br. 2 18-08-2017.pdf', NULL, NULL, 10089),
(558, 'Конкурсна документација 27-07-2017', '2017-10-06 14:36:18', 'KD 27-07-2017.pdf', NULL, NULL, 10089),
(559, 'Одговор и појашњење бр.1 31-07-2017', '2017-10-06 14:36:31', 'Odgovor i pojasnjenje br.1 31-07-2017.pdf', NULL, NULL, 10089),
(560, 'Одговор и појашњење бр.2 17-08-2017', '2017-10-06 14:36:45', 'Odgovor i pojasnjenje br.2 17-08-2017.pdf', NULL, NULL, 10089),
(561, 'Одговор и појашњење бр.3 17-08-2017', '2017-10-06 14:36:59', 'Odgovor i pojasnjenje br.3 17-08-2017.pdf', NULL, NULL, 10089),
(562, 'Одговори и појашњења бр.4 22-08-2017', '2017-10-06 14:37:15', 'Odgovor i pojasnjenje br.4 22-08-2017.pdf', NULL, NULL, 10089),
(563, 'Одлука о додели уговора 1 14-09-2017', '2017-10-06 14:37:42', 'Odluka o dodeli ugovora 1 14-09-2017.pdf', NULL, NULL, 10089),
(564, 'Одлука о додели уговора 2 25-09-2017', '2017-10-06 14:38:03', 'Odluka o dodeli ugovora 2 25-09-2017.pdf', NULL, NULL, 10089),
(565, 'Позив за подношење понуда 27-07-2017', '2017-10-06 14:38:17', 'Poziv za podnosenje ponuda 27-07-2017.pdf', NULL, NULL, 10089),
(566, 'Обавештење о закљученом уговору 29-08-2017', '2017-10-06 14:38:59', 'Obavestenja.pdf', NULL, NULL, 10090),
(567, 'Одлука о додели уговора 29-08-2017', '2017-10-06 14:39:18', 'Dodela ugovora29-08-2017.pdf', NULL, NULL, 10090),
(568, 'Позив за подношење понуде 03-08-2017', '2017-10-06 14:39:42', 'Poziv.pdf', NULL, NULL, 10090),
(569, 'Конкурсна документација 04-08-2017', '2017-10-06 14:40:19', 'KD 04-08-2017.pdf', NULL, NULL, 10091),
(570, 'Обавештење о закљученом оквирном споразуму 26-09-2017', '2017-10-06 14:40:34', 'Obavestenje o zakljucenom okvirnom sporazumu 26-09-2017.pdf', NULL, NULL, 10091),
(571, 'П 1 Одлука о закључењу оквирног споразума 08-09-2017', '2017-10-06 14:40:48', 'P1 Odluka o donosenju okvirnog sporazuma 08-09-2017.pdf', NULL, NULL, 10091),
(572, 'П 2 Одлука о обустави поступка 08-09-2017', '2017-10-06 14:40:59', 'P2 Odluka o obustavi postupka 08-09-2017.pdf', NULL, NULL, 10091),
(573, 'Позив за подношење понуда 04-08-2017', '2017-10-06 14:42:33', 'Poziv za podnosenje ponuda 04-08-2017.pdf', NULL, NULL, 10091),
(574, 'Конкурсна документација 11-08-2017', '2017-10-06 14:51:01', 'KD 11-08-2017.pdf', NULL, NULL, 10092),
(575, 'Обавештење о закљученом уговору - Партија 1 07-09-2017', '2017-10-06 14:51:13', 'Obavestenje o zakljucenom ugovoru - Partija 1 07-09-2017.pdf', NULL, NULL, 10092),
(576, 'Обавештење о закљученом уговору - Партија 2 13-09-2017', '2017-10-06 14:51:24', 'Obavestenje o zakljucenom ugovoru - Partija 2 13-09-2017.pdf', NULL, NULL, 10092),
(577, 'Одлука о додели уговора - Партија 1 24-08-2017', '2017-10-06 14:51:38', 'Odluka o dodeli ugovora - Partija 1 24-08-2017.pdf', NULL, NULL, 10092),
(578, 'Одлука о додели уговора - Партија 2 24-08-2017', '2017-10-06 14:52:03', 'Odluka o dodeli ugovora - Partija 2 24-08-2017.pdf', NULL, NULL, 10092),
(579, 'Позив за подношење понуда 11-08-2017', '2017-10-06 14:52:14', 'Poziv za podnosenje ponuda 11-08-2017.pdf', NULL, NULL, 10092),
(580, 'Конкурсна документација 15-08-2017', '2017-10-06 15:03:24', 'KD 15-08-2017.pdf', NULL, NULL, 10093),
(581, 'Обавештење о закљученом уговору 12-09-2017', '2017-10-06 15:03:39', 'Odluka o zakljucenom ugovoru 12-09-2017.pdf', NULL, NULL, 10093),
(582, 'Одлука о додели уговора 01-09-2017', '2017-10-06 15:04:00', 'Odluka o dodeli ugovora 01-09-2017.pdf', NULL, NULL, 10093),
(583, 'Позив за подношење понуда 15-08-2017', '2017-10-06 15:04:14', 'Poziv za podnosenje ponuda 15-08-2017.pdf', NULL, NULL, 10093),
(584, 'Конкурсна документација 15-08-2017', '2017-10-06 15:04:58', 'KD 15-08-2017.pdf', NULL, NULL, 10094),
(585, 'Партија 1 Одлука о обустави поступка 21-09-2017', '2017-10-06 15:05:10', 'Odluka o obustavi postupka - Partija 1 21-09-2017.pdf', NULL, NULL, 10094),
(586, 'Позив за подношење понуда 15-08-2017', '2017-10-06 15:05:21', 'Poziv za podnosenje ponude 15-08-2017.pdf', NULL, NULL, 10094),
(587, 'Конкурсна документација 18-08-2017', '2017-10-06 15:06:02', 'KD 18-08-2017.pdf', NULL, NULL, 10095),
(588, 'Позив за подношење понуда 18-08-2017', '2017-10-06 15:06:12', 'Poziv za podnosenje ponude 18-08-2017.pdf', NULL, NULL, 10095),
(589, 'Конкурсна документација 29-08-2017', '2017-10-06 15:06:38', 'KD 29-08-2017.pdf', NULL, NULL, 10096),
(590, 'Позив за подношење понуда 29-08-2017', '2017-10-06 15:07:03', 'Poziv za podnosenje ponuda 29-08-2017.pdf', NULL, NULL, 10096),
(591, 'Конкурсна документација 05-09-2017', '2017-10-06 15:07:35', 'KD 05-09-2017.pdf', NULL, NULL, 10097),
(592, 'Позив за подношење понуда 05-09-2017', '2017-10-06 15:07:48', 'Poziv za podnosenje ponuda 05-09-2017.pdf', NULL, NULL, 10097),
(593, 'Конкурсна документација 05-09-2017', '2017-10-06 15:08:22', 'Konkursna dokumentacija 30.10.2017.pdf', NULL, NULL, 10098),
(594, 'Позив за подношење понуда 05-09-2017', '2017-10-06 15:08:34', 'Poziv za podnosenje ponuda 05-09-20171.pdf', NULL, NULL, 10098),
(595, 'Конкурсна документација 12-09-2017', '2017-10-06 15:09:03', 'KD 12.09.2017.pdf', NULL, NULL, 10099),
(596, 'Позив за подношење понуда 12-09-2017', '2017-10-06 15:09:15', 'Poziv za podnosenje ponuda 12.09.2017.pdf', NULL, NULL, 10099),
(597, 'Додатна објашњења 1 21-09-2017', '2017-10-06 15:10:17', 'Dodatna objasnjenja 1 21-09-2017.pdf', NULL, NULL, 10100),
(598, 'Додатна објашњења 2 22-09-2017', '2017-10-06 15:10:32', 'Dodatna objasnjenja 2 22.09.2017.pdf', NULL, NULL, 10100),
(599, 'Имена конкурсне документације 1 21-09-2017', '2017-10-06 15:10:45', 'Izmena konrsne dokumentacije 1 21-09-2017.pdf', NULL, NULL, 10100),
(600, 'Конкурсна документација 15-09-2017', '2017-10-06 15:10:55', 'KD 15-09-2017.pdf', NULL, NULL, 10100),
(601, 'Обавештење о продужењу рока за подношење понуда  21-09-2017', '2017-10-06 15:11:09', 'Obavestenje o produzenju roka za podnosenje ponuda 21-09-2017.pdf', NULL, NULL, 10100),
(602, 'Позив за подношење понуда 15-09-2017', '2017-10-06 15:11:19', 'Poziv za podnosenje ponuda 15-09-2017.pdf', NULL, NULL, 10100),
(603, 'Конкурсна документација 18-09-2017', '2017-10-06 15:11:51', 'KD.pdf', NULL, NULL, 10101),
(604, 'Позив за подношење понуде 18-09-2017', '2017-10-06 15:12:02', 'Poziv za podnosenje ponuda.pdf', NULL, NULL, 10101),
(605, 'Конкурсна документација 25-09-2017', '2017-10-06 15:12:42', 'KD 25-09-2017.pdf', NULL, NULL, 10102),
(606, 'Позив за подношење понуда 25-09-2017', '2017-10-06 15:12:56', 'Podnosenje ponude.pdf', NULL, NULL, 10102),
(607, 'Конкурсна документација 26-09-2017', '2017-10-06 15:13:31', 'KD 26-09-2017.pdf', NULL, NULL, 10103),
(608, 'Позив за подношење понуда 26-09-2017', '2017-10-06 15:14:39', 'Podnosenjee.pdf', NULL, NULL, 10103),
(610, '', '2017-10-09 14:52:32', NULL, 'Resenje2017_5_2.pdf', 'Решење о давању сагласности на четврту измену годишњег програма пословања и фин. плана... са обрасцима у прилогу. ', 6),
(611, NULL, '2017-10-09 15:18:25', NULL, 'PRILOZIrebalans_septembar.xls', 'Решење о давању сагласности на четврту измену годишњег програма пословања и фин. плана... број1', 6),
(612, NULL, '2017-10-09 15:18:25', NULL, 'OBRASCI_PP_2017_rebalans_septembar.xls', 'Решење о давању сагласности на четврту измену годишњег програма пословања и фин. плана... број2', 6),
(613, 'Конкурсна документација 29-09-2017', '2017-10-09 19:29:22', 'Konkursna dokumentacij 29.09.2017.pdf', NULL, NULL, 10104),
(614, 'Позив за подношење понуда 29-09-2017', '2017-10-09 19:29:46', 'poziv za podnosenje ponuda 29.09.2017.pdf', NULL, NULL, 10104),
(615, 'Конкурсна докуметација  02-10-2017', '2017-10-09 19:30:53', 'KD 02.10.2017.pdf', NULL, NULL, 10105),
(616, 'Позив за подношење понуда 02-10-2017', '2017-10-09 19:31:09', 'Podnosenje ponuda02-10-2017.pdf', NULL, NULL, 10105),
(617, 'Конкурсна документација 05-10-2017', '2017-10-09 19:32:55', 'KD 05-10-2017.pdf', NULL, NULL, 10106),
(618, 'Позив за подношење понуда 05-10-2017', '2017-10-09 19:33:17', 'podnosenje ponuda05-10-2017.pdf', NULL, NULL, 10106),
(619, 'Конкурсна документација 10-10-2017', '2017-10-12 00:24:07', 'konkurnsa dokumentacija 10.10.2017.pdf', NULL, NULL, 10107),
(620, 'Позив за подношење понуда 10-10-2017', '2017-10-12 00:24:44', 'poziv za podnosenje ponude 10.10.2017.pdf', NULL, NULL, 10107),
(623, 'Правилник о измени правилника о ближем уређивању поступка јавне набавке', '2017-10-17 14:01:39', 'Pravilnik o izmeni pravilnika o blizem uredjivanju postupka javne nabavke.pdf', NULL, NULL, 4),
(624, 'Измена и допуна конкурсне документације 17-10-2017', '2017-10-17 14:15:36', '76 17    IZMENA.pdf', NULL, NULL, 10105),
(625, 'Одлука о обустави поступка 16-10-2017', '2017-10-17 14:17:38', 'odluka o obustavi postupka jn 66.pdf', NULL, NULL, 10095),
(626, 'Конкурсна документација 17-10-2017', '2017-10-17 14:23:44', 'Konkursna dokumentacija 17.010.2017.pdf', NULL, NULL, 10109),
(627, 'Позив за подношење понуде 17-10-2017', '2017-10-17 14:24:36', 'Poziv za podnosenje ponude jn 77.pdf', NULL, NULL, 10109),
(628, 'Дневне активности у ЈКП \"Водовод и канализација\" на дан 18-10-2017', '2017-10-18 10:33:14', 'Dnevni izvestaj 18.10.2017.pdf', NULL, NULL, 15),
(629, 'Обавештење о закљученом уговору 18-10-2017', '2017-10-18 14:58:02', 'Obavestenje o zakljucenom ugovoru18.10.2017.pdf', NULL, NULL, 10100),
(630, 'Дневне активности у ЈКП \"Водовод и канализација\" на дан	19-10-2017', '2017-10-19 09:03:59', 'Dnevni izvestaj sajt19.10.2017.pdf', NULL, NULL, 15),
(632, 'Одлука о додели уговора 19-10-2017', '2017-10-19 13:35:14', 'ODLUKA O DODELI UGOVORA 73.pdf', NULL, NULL, 10111),
(633, 'Одлука о додели уговора 19-10-2017', '2017-10-19 13:41:42', 'ODLUKA O DODELI UGOVORA 73.pdf', NULL, NULL, 10103),
(634, 'Одлука о додели уговора 19.10.2017', '2017-10-19 13:43:29', 'ODLUKA O DODELI UGOVORA 70.pdf', NULL, NULL, 10099),
(635, 'Одлука о додели уговора 19.10.2017', '2017-10-19 15:10:22', 'Odluka o dodeli ugovora.pdf', NULL, NULL, 10101),
(636, 'Дневне активности у ЈКП \"Водовод и канализација\" на дан 20-10-2017', '2017-10-20 10:24:06', 'Dnevni izvestaj za sajt20.10.2017.pdf', NULL, NULL, 15),
(637, 'Измена и допуна конкурсне документације бр.2 20-10-2017', '2017-10-20 13:01:39', '76.17  IZMENA  2.pdf', NULL, NULL, 10105),
(638, 'Одлука о додели уговора 20-10-2017', '2017-10-20 13:06:49', 'ODLUKA O DODELI UGOVORA 68.pdf', NULL, NULL, 10097),
(639, 'Измена и допуна конкурсне документације 20-10-2017', '2017-10-20 14:54:06', '77 17 IZMENA.pdf', NULL, NULL, 10109),
(640, 'Измена прилог број 1 20-10-2017', '2017-10-20 14:55:05', 'PRILOG BR 1 IZMENA.pdf', NULL, NULL, 10109),
(641, 'Обавештење о продужењу рока за подношење понуде Пријава 1 20-10-2017', '2017-10-20 14:56:06', 'Obavestenje O Produzenju Roka Za Podnosenje Ponuda Prijava 1.pdf', NULL, NULL, 10109),
(642, 'Појашњење у вези са припремањем понуде 20-10-2017', '2017-10-20 14:57:45', 'ODGOVOR 77 17.pdf', NULL, NULL, 10109),
(643, 'Обавештење о закљученом уговору 23-10-2017', '2017-10-23 13:38:16', 'Obavestenje o zakljucenom ugovoru 23.10.2017.pdf', NULL, NULL, 10102),
(644, NULL, '2017-10-27 10:12:46', NULL, 'Obrasci-Tromesecni-Izvestaj-TREĆI kvartal.xls', 'Квартал III - Тромесечни извештај', 1),
(645, NULL, '2017-10-27 10:15:59', 'Obrazac-12-1 - III kvartal.pdf', NULL, 'Квартал III - Образац 12-1', 1),
(646, 'Захтев за додатним појашњењем 27-10-2017', '2017-10-27 11:01:39', 'Zahtev za dodatnim objasnjenjima  1.pdf', NULL, NULL, 10107),
(647, 'Измена прилог број 2 27-10-2017', '2017-10-27 12:14:31', '77  17    IZMENA  2.pdf', NULL, NULL, 10109),
(648, 'Обавештење о продужењу рока за подношење понуда Пријава 2 27-10-2017', '2017-10-27 12:16:39', 'ObavestenjeOProduzenjuRokaZaPodnosenjePonudaPrijava 2.pdf', NULL, NULL, 10109),
(649, 'Прилог број 2 27-10-2017', '2017-10-27 12:17:57', 'PRILOG BR 2  IZMENA.pdf', NULL, NULL, 10109),
(650, 'Појашњење у вези са припремањем понуде 27-10-2017', '2017-10-27 12:22:50', 'ODGOVOR  76   17.pdf', NULL, NULL, 10105),
(651, 'Конкурсна документација 30-10-2017', '2017-10-30 13:52:25', 'Konkursna dokumentacija 30 10 2017.pdf', NULL, NULL, 10110),
(652, 'Позив за подношење понуде 30-10-2017', '2017-10-30 13:53:24', 'Poziv za podnosenje ponude 30 10 2017.pdf', NULL, NULL, 10110),
(653, 'Обавештење о обустави поступка Јавне Набавке 30-10-2017', '2017-10-30 14:09:19', 'ObavestenjeOObustaviPostupkaJavneNabavke 30 10 2017.pdf', NULL, NULL, 10095),
(654, 'Измена конкурсне документације број 1 30-10-2017', '2017-10-30 14:38:08', 'Izmena konkursne dokumentacije 80 13  30 10 2017.pdf', NULL, NULL, 10107),
(655, 'Захтев за додатним објашњењима број 2 30-10-2017', '2017-10-30 14:39:48', 'Zahtev za dodatnim objasnjenjima 80 13 30 10 2017.pdf', NULL, NULL, 10107),
(656, 'Обавештење о закљученом уговору 31-10-2017', '2017-10-31 11:40:48', 'Obavestenje O Zakljucenom Ugovoru 31102017.pdf', NULL, NULL, 10103),
(657, 'Измена плана јавних набавки број 5 01-11-2017', '2017-11-01 12:32:58', 'PlanZaPortal JKPViK2017 Izmena 6 10 2017.pdf', NULL, NULL, 10029),
(658, 'Конкурсна документација 02-11-2017', '2017-11-02 11:39:37', 'Konkursna dokumentacija 02 11 2017.pdf', NULL, NULL, 10112),
(659, 'Позив за подношење понуда 02-11-2017', '2017-11-02 11:41:02', 'Poziv za podnosenje ponuda 02 11 2017.pdf', NULL, NULL, 10112),
(660, 'Конкурсна документација 13-10-2017', '2017-11-02 11:49:50', 'Konkursna dokumentacija 13 10 2017.pdf', NULL, NULL, 10113),
(661, 'Позив за подношење понуда 13-10-2017', '2017-11-02 11:50:24', 'Poziv za podnosenje ponuda 13 10 2017.pdf', NULL, NULL, 10113),
(662, 'Одлука о додели уговора 02-11-2017', '2017-11-02 11:51:42', 'Odluka o dodeli ugovora 02 11 20171.pdf', NULL, NULL, 10113),
(663, 'Обавештење о закљученом уговору 02-11-2017', '2017-11-02 14:10:15', 'Obavestenje O Zakljucenom Ugovoru 68.pdf', NULL, NULL, 10097),
(664, 'Обавештење о продужењу рока за поношење понуда 03-11-2017', '2017-11-03 14:00:09', 'Obavestenje o produzenju roka za pp 03112017.pdf', NULL, NULL, 10106),
(665, 'Измена конкурсне документације 1 03-11-2017', '2017-11-03 14:00:54', 'Izmena konkursne dokumentacije 1 03 11 2017.pdf', NULL, NULL, 10106),
(666, 'Обавештење о закљученом уговору 06-11-2017', '2017-11-06 13:50:53', 'Obavestenje O Zakljucenom Ugovoru 061120171344.pdf', NULL, NULL, 10099),
(667, 'Одлука о обустави поступка 06-11-2017', '2017-11-06 13:52:37', 'ODLUKA O OBUSTAVI POSTUPKA 061120171346.pdf', NULL, NULL, 10104),
(668, 'Одлука о додели уговора 06-11-2017', '2017-11-06 13:53:16', 'ODLUKA O DODELI UGOVORA 061120171342.pdf', NULL, NULL, 10105),
(669, 'Обавештење о закљученом уговору 06-11-2017', '2017-11-06 13:57:37', 'Obavestenje o zakljucenom ugovoru 061120171355.pdf', NULL, NULL, 10098),
(670, 'Конкурсна документација 07-12-2017', '2017-11-07 12:59:53', 'Konkursna dokumentacija 071120171257.pdf', NULL, NULL, 10114),
(671, 'Позив за подношење понуде 07-12-2107', '2017-11-07 13:00:40', 'Poziv za podnosenje ponude 071120171258.pdf', NULL, NULL, 10114),
(672, 'Конкурсна документација 08-11-2017', '2017-11-08 14:08:46', 'Konkursna dokumentacija 081120171404.pdf', NULL, NULL, 10115),
(673, 'Позив за подношење понуда 08-11-2017', '2017-11-08 14:09:35', 'Poziv za podnosenje ponuda 081120171405.pdf', NULL, NULL, 10115),
(674, 'Конкурсна документација 09-11-2017', '2017-11-09 13:48:21', 'Konkursna dokumentacija 091120171343.pdf', NULL, NULL, 10116),
(675, 'Позив за подношење понуде 09-11-2017', '2017-11-09 13:49:16', 'Poziv za podnosenje ponude 091120171344.pdf', NULL, NULL, 10116),
(676, 'Одлука о додели уговора 10-11-2017', '2017-11-10 14:57:00', 'Odluka o dodeli ugovora 101120171454.pdf', NULL, NULL, 10107),
(677, 'Конкурсна документација 13-11-2017', '2017-11-13 13:25:19', 'Konkursna dokumentacija 131120171320.pdf', NULL, NULL, 10117),
(678, 'Позив за подношење понуде 13-11-2017', '2017-11-13 13:26:03', 'Poziv za podnosenje ponuda 131120171321.pdf', NULL, NULL, 10117),
(679, 'Конкурсна документација 14-11-2017', '2017-11-14 13:42:09', 'Konkursna dokumentacija 141120171338.pdf', NULL, NULL, 10118),
(680, 'Позив за подношење понуда 14-11-2017', '2017-11-14 13:43:03', 'Poziv za podnosenje ponuda 141120171339.pdf', NULL, NULL, 10118),
(681, 'Одлука о обустави поступка 14-11-2017', '2017-11-14 14:36:45', 'ODLUKA O OBUSTAVI POSTUPKA 141120171435.pdf', NULL, NULL, 10110),
(682, 'Обавештење о закљученом уговору 16-11-2017', '2017-11-16 14:22:01', 'Obavestenje o zakljucenom ugovoru 161120171420.pdf', NULL, NULL, 10101),
(683, 'Одлука о додели уговора 16-11-2017', '2017-11-16 14:53:57', 'ODLUKA O DODELI UGOVORA 161120171453.pdf', NULL, NULL, 10109),
(684, 'Конкурсна документација 16-11-2017', '2017-11-16 14:56:40', 'Konkursna dokumentacija 161120171450.pdf', NULL, NULL, 10119),
(685, 'Позив за подношење понуда 16-11-2017', '2017-11-16 14:57:25', 'Poziv za podnosenje ponude 161120171451.pdf', NULL, NULL, 10119),
(686, 'Обавештење о обустави поступка 17-11-2017', '2017-11-17 12:11:12', 'ObavestenjeOObustaviPostupkaJavneNabavke 171120171207.pdf', NULL, NULL, 10104),
(687, 'Решење о давању сагласности на одлуку надзорног одбора Јавног Комуналног Предузећа \"Водовод и Канализација\" Обреновац о измени и допуни ценовника основних комуналних производа и услига, новембар 2017.године. ', '2017-11-20 09:35:41', 'Black and White0382.pdf', NULL, 'Cenovnik', 0),
(688, 'Решење о давању сагласности на одлуку надзорног одбора ЈKP\"ВИК\" Обреновац о измени и допуни ценовника основних комуналних производа и услуга, новембар 2017.године.', '2017-11-20 09:39:37', 'Black and White0382.pdf', NULL, 'Cenovnik', 5),
(689, 'Ценовник основних комунланих производа и услуга ЈКП\"ВИК\" Обреновац,новембар 2017.године.', '2017-11-20 09:59:03', 'Black and White0383.pdf', NULL, 'Cenovnik', 5),
(690, 'Решење о давању сагласности на одлуку надзорног одбора ЈКП\"Водовод и Канализација\" Обреновац о ценовнику осталих услуга,новембар 2017.године.', '2017-11-20 10:02:48', 'Black and White0384.pdf', NULL, 'Cenovnik', 5),
(691, 'Ценовник остлаих комуналних услуга ЈКП\"Водовод и Канализација\" Обреновац,новембар 2017.године.', '2017-11-20 10:07:12', 'Black and White0385.pdf', NULL, 'Cenovnik', 5),
(692, 'Измена конкурсне документације 1 21-11-2017', '2017-11-21 08:32:17', 'Izmena konkursne dokumentacije - 1 21-11-2017.pdf', NULL, NULL, 10112),
(693, 'Дневне активности у ЈКП \"Водовод и канализација\" Служба за прикључке и искључења на дан 20-11-2017', '2017-11-21 12:17:05', 'izvestaj 20112017.pdf', NULL, NULL, 15),
(694, 'Позив за подношење понуда ', '2017-11-22 08:49:12', 'Poziv za podnosenje ponude 221120172.pdf', NULL, NULL, 10120),
(695, 'Конкурсна документација ', '2017-11-22 08:49:54', 'Konkursna dokumentacija.pdf', NULL, NULL, 10120),
(696, 'Дневне активности у ЈКП \"Водовод и канализација\" Служба за прикључке и искључења на дан 21-11-2017', '2017-11-22 12:36:19', 'iskljucenja 22112017.pdf', NULL, NULL, 15),
(697, 'Конкурсна документација', '2017-11-22 13:19:34', 'Konkursna dokumentacija 22112017.pdf', NULL, NULL, 10121),
(698, 'Позив за подношење понуда ', '2017-11-22 13:21:12', 'Poziv za podnosenje ponuda 22112017.pdf', NULL, NULL, 10121),
(699, 'Odluka o dodeli ugovora 22-11-2017', '2017-11-22 13:24:14', 'Odluka o dodeli ugovora 22-11-2017.pdf', NULL, NULL, 10115),
(700, 'Одлука о додели уговора 22-11-2017', '2017-11-22 13:52:24', 'Odluka o dodeli ugovora 221120171350.pdf', NULL, NULL, 10106),
(701, 'Обавештење о закљученом уговору 22-11-2017', '2017-11-22 14:06:39', 'Obavestenje o zakljucenom ugovoru 221120171405.pdf', NULL, NULL, 10113),
(702, 'Дневне активности у ЈКП \"Водовод и канализација\" Служба за прикључке и искључења на дан 22-11-2017', '2017-11-23 09:49:27', 'iskljucenje 23112017.pdf', NULL, NULL, 15);
INSERT INTO `report` (`id`, `title`, `date_created`, `pdf`, `excell`, `summary`, `report_category`) VALUES
(703, 'Дневне активности у ЈКП \"Водовод и канализација\" Служба за прикључке и искључења на дан 23-11-2017', '2017-11-24 09:11:46', 'iskljucenja 24112017.pdf', NULL, NULL, 15),
(704, 'Измена плана јавних набавки 21-11-2017', '2017-11-27 10:46:53', 'izmena plana javnih nabavki 211120171043.pdf', NULL, NULL, 10029),
(705, 'Дневне активности у ЈКП \"Водовод и канализација\" Служба за прикључке и искључења на дан 24-11-2017', '2017-11-27 11:06:59', 'iskljucenja 271120171104.pdf', NULL, NULL, 15),
(706, 'Обавештење о обустави поступка 27112017', '2017-11-27 14:00:16', 'ObavestenjeOObustaviPostupkaJavneNabavke 271120171245.pdf', NULL, NULL, 10110),
(707, 'Дневне активности у ЈКП \"Водовод и канализација\" Служба за прикључке и искључења на дан 27-11-2017', '2017-11-28 10:45:29', 'izvestaj 281120171043.pdf', NULL, NULL, 15),
(708, 'Узимање узорака и контрола параметара Фабрика воде Барич и Забрежје за 27-11-2017', '2017-11-28 10:56:03', 'dnevni izvestaj baric zabrezje 281120171055.pdf', NULL, NULL, 15),
(709, 'Конкурсна документација 28-11-2017', '2017-11-28 13:23:30', 'Konkursna dokumentacija 281120171338.pdf', NULL, NULL, 10122),
(710, 'Позив на подношење понуде 28-11-2017', '2017-11-28 13:24:28', 'Poziv za podnosenje ponuda 281120171339.pdf', NULL, NULL, 10122),
(711, 'Одлука о додели уговора 28-11-2017', '2017-11-28 13:26:11', 'ODLUKA O DODELI UGOVORA 281120171318.pdf', NULL, NULL, 10118),
(712, 'Конкурсна документација 28-11-2017', '2017-11-28 13:49:14', 'Konkursna dokumentacija 281120171317.pdf', NULL, NULL, 10123),
(713, 'Позив за подношење понуда 28-11-2017', '2017-11-28 13:51:07', 'Poziv za podnosenje ponude 281120171316.pdf', NULL, NULL, 10123),
(714, 'Дневне активности у ЈКП \"Водовод и канализација\" Служба за прикључке и искључења на дан 28-11-2017', '2017-11-29 11:01:54', 'iskljucenja 281120171100.pdf', NULL, NULL, 15),
(715, 'Узимање узорака и контрола параметара Фабрика воде Барич и Забрежје за 28-11-2017', '2017-11-29 11:05:20', 'dnevni izvestaj baric zabrezje 291120171103.pdf', NULL, NULL, 15),
(716, 'Обавештење о закљученом уговору 29-11-2017', '2017-11-29 12:59:52', 'Obavestenje o zakljucenom ugovoru 291120171256.pdf', NULL, NULL, 10107);

-- --------------------------------------------------------

--
-- Table structure for table `report_category`
--

CREATE TABLE `report_category` (
  `id` int(20) NOT NULL,
  `name` varchar(50) COLLATE utf8_unicode_ci NOT NULL
) ENGINE=InnoDB DEFAULT CHARSET=utf8 COLLATE=utf8_unicode_ci;

--
-- Dumping data for table `report_category`
--

INSERT INTO `report_category` (`id`, `name`) VALUES
(13, ' Набавка резервних делова електромотора и пумпних '),
(15, 'Bilten'),
(5, 'Cenovnik'),
(2, 'Finansijski izveštaji'),
(1, 'Izveštaji'),
(6, 'Izveštaji2'),
(7, 'Izveštaji3'),
(8, 'Izveštaji4'),
(9, 'Izveštaji5'),
(10, 'Izveštaji6'),
(11, 'Izveštaji7'),
(12, 'Izveštaji8'),
(3, 'Javne nabavke'),
(14, 'Oglasi'),
(4, 'Propisi');

-- --------------------------------------------------------

--
-- Table structure for table `report_nabavke`
--

CREATE TABLE `report_nabavke` (
  `id` int(20) NOT NULL,
  `name` text COLLATE utf8_unicode_ci NOT NULL
) ENGINE=InnoDB DEFAULT CHARSET=utf8 COLLATE=utf8_unicode_ci;

--
-- Dumping data for table `report_nabavke`
--

INSERT INTO `report_nabavke` (`id`, `name`) VALUES
(10000, '- 82/16 – Израда пројектне документације измештања Водозахвата 06.10.2016'),
(10001, '- Набавка комбиноване грађевинске машине  07.10.2016'),
(10003, '- 84/16 - Пескарење и фарбање цевовода у ГЦС Забрежје  10.10.2016'),
(10004, '- Набавка личне заштитне опреме 14.10.2016'),
(10005, '- 87/16 – Набавка боца за хлор 19.10.2016'),
(10006, '- Набавка и замена водомера са већом тачности очитавања 21.10.2016'),
(10007, '- 89/16 – Израда техничке документације изградње фекалне канализације Ваљевски пут Звечка 26.10.2016'),
(10008, '- Измена плана јавних набавки број 5 04.11.2016'),
(10009, '-  Набавка резервних делова озон генератора 04.12.2016'),
(10010, '- 92/16 – Набавка грађевинског материјала – Ризла 04.11.2016'),
(10011, '- Набавка програмских пакета – Програмски пакети MS Office, AutoCad 09.11.2016'),
(10012, '- 96/16 – Набавка пумпи за ФЦС Купинац 10.11.2016'),
(10013, '- Замена и санација латерала на аератору 10.11.2016'),
(10014, '- Набавка делова за ремонт компресора за ваздух за прање филтера произвођача Литострој тип ОБД 32.28 – К (на ППВ Забрежје) 15.11.2016'),
(10015, '- Израда техничке документације за изградњу ФЦС и фекалне канализације у Забрежју. 16.12.2016'),
(10016, '- 93/16 – Набавка резервних делова фреквентних регулатора и хидроварова са уградњом и одржавањем 16.11.2016'),
(10017, '- Санација грађевинских објеката 18.11.2016'),
(10018, '- Набавка растављача са уградњом на изворишту 23.11.2016'),
(10019, '- 102/16 – Набавка боца за хлор 24.11.2016'),
(10020, '- 99/16 – Набавка делова са уградњом и одржавањем возила 28.11.2016'),
(10021, '- Проширење система даљинског преноса података за нове ФЦС и МРШ – набавка материјала са уградњом 30.11.2016'),
(10022, '- 104.16 – Израда техничке документације за изградњу секундарне водоводне мреже у Грабовцу и Стублинама 06.12.2016'),
(10023, '- Набавка канцеларијског материјала 06.12.2016'),
(10024, '- 106/16 – Набавка утопних електромотора 06.12.2016'),
(10025, '- Набавка материјала и вентила за реконструкцију потисних ПВЦ цевовода пумпи за дозирање алуминијум сулфата и ПА 14.12.2016'),
(10026, '- 108/16 – Набавка детектора муља за таложницу ППВ Барич 14.12.2016'),
(10027, '- Измена плана јавних набавки 26.12.2016'),
(10028, '- Набавка поцинкованог фитинга, ППР фитинга, цеви и профила (по спецификацији) 10.01.2017'),
(10029, '- План јавних набавки за 2017.годину 20.01.2017'),
(10030, '- Санација цевовода и фекалне канализације у ул. Баричка колонија 30.01.2017'),
(10031, '- 01/17 – Набавка делова са уградњом и одржавањем возила 01.02.2017'),
(10032, '- 03/17 – Набавка грађевинског материјала 02.02.2017'),
(10033, '- Набавка горива 08.02.2017'),
(10034, '- Набавка основног материјала и сировина (постројење за прераду воде Забрежје и Барич) 10.02.2017'),
(10035, '- 06/17 – Услуга обезбеђења објеката 20.02.2017'),
(10036, '- Набавка основног материјала и сировина (постројење за прераду воде Забрежје и Барич) 20.02.2017'),
(10037, '- Набавка резервних делова хлорне опреме са уградњом 23.02.2017'),
(10038, '- Набавка фреквентних регулатора 01.03.2017'),
(10039, '- 11/17 – Набавка грађевинског материјала – Песак и шљунак 01.03,2017'),
(10040, '- 10/17 – Набавка утопних пумпи бунара на изворишту Вић баре 01.03.2017'),
(10041, '- Механичко хемијска регенерација бунара 03.03.017'),
(10042, '- Услуга приступа интернету и закуп сервера за домен 06.03.2017'),
(10043, '- Услуга штампања рачуна 09.03.2017'),
(10044, '- 15/17 – Набавка електромотора 10.03.2017'),
(10045, '- Услугe мобилне и фиксне телефоније и преноса података – Мобилна телефонија 14.03.2017'),
(10046, '- 16/17 – Набавка софтвера MS SQL и Windows Server са пратећим каловима 15.03.2017'),
(10047, '- Услугe мобилне и фиксне телефоније и преноса података – Услуга преноса података путем мреже мобилне телефоније ГПРС системом 17.03.2017'),
(10048, '- Набавка горива 21.03.2017'),
(10049, '- 21/17 – Израда пројекта хидрогеолошких истраживања за утврђивање резерви подземних вода изворишта Вић баре у Забрежју за водоснабдевање Обреновца 28.03.2017'),
(10050, '- Сервис озон генератора 29.03.2017'),
(10051, '- 19/17 – Набавка основног материјала 30.03.2017'),
(10052, '- 22/17 - Услуга осигурања 30.3.2017'),
(10053, '- Лекарске услуге 31.03.2017'),
(10054, '- Набавка канцеларијског материјала 03.04.2017'),
(10055, '- 27/17 – Набавка електричне енергије 04.04.2017'),
(10056, '- Израда техничке контроле пројектне документације изградње фекалне канализације Ваљевски пут Звечка 06.04.2017'),
(10057, '- Израда техничке контроле пројектне документације изградње секундарне водоводне мреже у Грабовцу и Стублинама 06.04.2017'),
(10058, '- 29/17- Израда техничке контроле пројектне документације изградње фекалне канализације у насељима Уровци и Кртинска 06.04.2017'),
(10059, '- Услуга одржавања водомера (са демонтажом и монтажом на терену 18.04.2017'),
(10060, '- ЈН 32/17 Лекарске услуге 19.04.2017'),
(10061, '- ЈН 32/17 Набавка новог теретног возила 19.04.2017'),
(10062, '- ЈН 33/17 Течни хлор са услугом баждарења боца 19.04.2017'),
(10063, '- 30/17 Услуга анализа воде 21.04.2017'),
(10064, '- Набавка грађевинског материјала 25.04.2017'),
(10065, '- 35/17 – Одржавање и сервисирање система бежичног преноса података 26.04.2017'),
(10066, '- Иновирање пројектне документације санације јужног крака дуж Ваљевског пута 28.04.2017'),
(10067, '- 37/17 – Набавка ручног алата и пнеуматског алата за хоризонтално подбушење саобраћајница – Ручни алат 28.04.2017'),
(10068, '- Одржавање и сервисирање софтвера система даљинског надзора 05.05.2017'),
(10069, '- 39/17 – Одржавање рачунарске мреже 09.05.2017'),
(10070, '- Набавка резервних делова за пумпе 11.05.2017'),
(10071, '- Израда пројектне документације изградње ФЦС и фекалне канализације у Забрежју 19.05.2017'),
(10072, '- Израда пројектне документације изградње пословног објекта 26.05.2017'),
(10073, '- Услуга уређења и чишћења таложнице и чишћења и прања црпилишта фекалних црпних станица - Услуге чишћења и прања црпилишта фекалних црпних станица 29.05.2017'),
(10074, '- 46/17 – Израда пројекта хидрогеолошких истраживања за утврђивање резерви подземних вода изворишта Вић баре у Забрежју за водоснабдевање Обреновца  01.06.2017'),
(10075, '- Набавка грађевинског материјала – Асфалт са уградњом 02.06.2017'),
(10076, '- 42/17 – Услуга водочитања 07.06.2017'),
(10077, '- 48/17 – Набавка рачунара и рачунарске опреме  07.06.2017'),
(10078, '- Набавка електро материјала и материјала за одржавање телекомуникационе опреме, аутоматизације и контролу 08.06.2017'),
(10079, '- Набавка течног хлора са услугом баждарења боца 12.06.2017'),
(10080, '- 53-17 – Набавка основног материјала - Општи водоводни материјал 13.06.2017'),
(10081, '- Набавка резервних делова надоградње на специјалним возилима са уградњом 15.06.2017'),
(10082, '- Одржавање књиговодствених програма и програма наплате - Књиговодствени програм АБ Софт 16.06.2017'),
(10083, '- Набавка боца за хлор 16.06.2017'),
(10084, '- 55/17 – услуге одржавања софтвера Одржавање књиговодствених програма и програма наплате - Програм за обрачун комуналних услуга Aqua bill 19.06.2017'),
(10085, '- 51/17 - Израда пројектне документације реконструкције главне пумпне станице 09.06.2017'),
(10086, '- 57/17 – Надоградња постојећег софтвера Аква бил- израда апликације за андроид оперативни систем 28.06.2017'),
(10087, '- Одржавање и сервисирање електроагрегата 21.07.2017'),
(10088, '- Израда пројектне документације изградње секундарне водоводне мреже у Конатицама 26.07.2017'),
(10089, '- Изградња секундарне водоводне мреже у ул.Чеде Тодоровића у Звечкој 27.07.2017'),
(10090, '- Набавка електро материјала и материјала за одржавање телекомуникационе опреме, аутоматизације и контролу - Материјал за одржавање телекомуникационе опреме 04.08.2017'),
(10091, '- 61/17 – Набавка резервних делова електромотора и пумпних агрегата са уградњом 04.08.2017'),
(10092, '- Набавка програмских пакета и лиценци 11.08.2017'),
(10093, '- Набавка боца за хлор 15.08.2017'),
(10094, '- 63/17 – Набавка резервних делова фреквентних регулатора, хидроварова и мерача протока са уградњом 15.08.2017'),
(10095, '- 66/17–Набавка основног материјала и сировина (постројење за прераду воде Забрежје и Барич)- Набавка Полиелектролитa 18.08.2017'),
(10096, '- Израда пројектне документације изградње пословног објекта 29.08.2017'),
(10097, ' - 68/17 Набавка возила 05.09.2017'),
(10098, '- 69/17 Набавка реагенаса за лабораторијску контролу квалитета воде за ХАЦК-ове апарате 05.09.2017'),
(10099, '- 70/17 Техничка контрола пројектне документације санације јужног крака дуж Ваљевског пута 12.09.2017'),
(10100, '- Набавка система за евиденцију радног времена 15.09.2017'),
(10101, '- Израда техничке контроле пројектне документације изградње ФЦС и фекалне канализације у Забрежју 18.09.2017'),
(10102, '- Замена раствора за неутрализацију хлора у ваздуху на ППВ Забрежје 25.09.2017'),
(10103, '- 73/17 Реконструкција електроинсталације објекта ФЦС Колубара 26.09.2017'),
(10104, '- 75/17 – Израда пројектне документације изградње водоводне мреже у Конатицама правац БВК 29.09.2017'),
(10105, '- 76/17 – Израда пројектне документације реконструкције главне пумпне станице 02.10.2017'),
(10106, '- Проширење система даљинског преноса података за нове ФЦС и МРШ – набавка материјала са уградњом 05.10.2017'),
(10107, '- Израда пројектне документације изградње фекалне канализације у насељу Звечка I фаза 10.10.2017'),
(10109, '- 77/17 Набавка прибора, опреме и апарата за лабораторијску контролу квалитета воде 17.10.2017'),
(10110, '- 83/17 Набавка резервних делова фреквентних регулатора,хидроварова и мерача са уградњом - Резервни делови хидоварова са уградњном 30.10.2017'),
(10112, '- Изградња фекалне канализације у насељима Уровци и Кртинска - прва фаза 02.11.2017'),
(10113, '- Услуга штампања образаца 13.10.2017'),
(10114, '- 84/17 Набавка основног материјала и сировина (постројење за прераду воде Забрежје и Барич) - Набавка Полиелектролита 07.11.2017'),
(10115, '- 85/17 Пескарење и фарбање цевовода у цевној галерији ( друга фаза) 08.11.2017'),
(10116, '- 79/17 Набавка резервних делова електромотора и пумпних агрегата са уградњом - Резервни делови пумпних агрегата са уградњом. 09.11.2017'),
(10117, '- 86/17 Израда техничке контролне пројектне документације изградње пословног објекта 13.11.2017'),
(10118, '- 88/17 Набавка рачунара и рачунарске опреме 14.11.2017'),
(10119, '- 89/17 Елаборат о резервама подземних вода изворишта Вић баре у Забрежју за снабдевање Обреновца 16.11.2017'),
(10120, '- 90/17 Набавка делова са уградњом и одржавањем возила 22.11.2017'),
(10121, '- 87/17 Набавка са уградњом дела високонапонског вода са завршницама 22.11.2017'),
(10122, '- 91/17 Одржавање лабораторијске опреме са уградњом резервних делова 28.11.2017'),
(10123, '- 92/17 Набавка спојница и противпожарних хидраната 28.11.2017');

--
-- Indexes for dumped tables
--

--
-- Indexes for table `admin`
--
ALTER TABLE `admin`
  ADD PRIMARY KEY (`id`),
  ADD UNIQUE KEY `username` (`username`);

--
-- Indexes for table `gallery`
--
ALTER TABLE `gallery`
  ADD PRIMARY KEY (`id`),
  ADD UNIQUE KEY `picture_id` (`picture_id`);

--
-- Indexes for table `message`
--
ALTER TABLE `message`
  ADD PRIMARY KEY (`id`);

--
-- Indexes for table `news`
--
ALTER TABLE `news`
  ADD PRIMARY KEY (`id`),
  ADD UNIQUE KEY `title` (`title`),
  ADD KEY `news_fk0` (`news_category_id`);

--
-- Indexes for table `news_category`
--
ALTER TABLE `news_category`
  ADD PRIMARY KEY (`id`),
  ADD UNIQUE KEY `name` (`name`);

--
-- Indexes for table `news_to_picture`
--
ALTER TABLE `news_to_picture`
  ADD PRIMARY KEY (`id`),
  ADD KEY `news_to_picture_fk0` (`news_id`),
  ADD KEY `news_to_picture_fk1` (`picture_id`);

--
-- Indexes for table `picture`
--
ALTER TABLE `picture`
  ADD PRIMARY KEY (`id`),
  ADD UNIQUE KEY `file_name` (`file_name`);

--
-- Indexes for table `report`
--
ALTER TABLE `report`
  ADD PRIMARY KEY (`id`),
  ADD KEY `report_fk0` (`report_category`);

--
-- Indexes for table `report_category`
--
ALTER TABLE `report_category`
  ADD PRIMARY KEY (`id`),
  ADD UNIQUE KEY `name` (`name`);

--
-- Indexes for table `report_nabavke`
--
ALTER TABLE `report_nabavke`
  ADD PRIMARY KEY (`id`);

--
-- AUTO_INCREMENT for dumped tables
--

--
-- AUTO_INCREMENT for table `admin`
--
ALTER TABLE `admin`
  MODIFY `id` int(1) NOT NULL AUTO_INCREMENT, AUTO_INCREMENT=2;
--
-- AUTO_INCREMENT for table `gallery`
--
ALTER TABLE `gallery`
  MODIFY `id` int(2) NOT NULL AUTO_INCREMENT, AUTO_INCREMENT=15;
--
-- AUTO_INCREMENT for table `message`
--
ALTER TABLE `message`
  MODIFY `id` int(5) NOT NULL AUTO_INCREMENT;
--
-- AUTO_INCREMENT for table `news`
--
ALTER TABLE `news`
  MODIFY `id` int(5) NOT NULL AUTO_INCREMENT, AUTO_INCREMENT=7;
--
-- AUTO_INCREMENT for table `news_category`
--
ALTER TABLE `news_category`
  MODIFY `id` int(1) NOT NULL AUTO_INCREMENT, AUTO_INCREMENT=2;
--
-- AUTO_INCREMENT for table `news_to_picture`
--
ALTER TABLE `news_to_picture`
  MODIFY `id` int(4) NOT NULL AUTO_INCREMENT, AUTO_INCREMENT=7;
--
-- AUTO_INCREMENT for table `picture`
--
ALTER TABLE `picture`
  MODIFY `id` int(5) NOT NULL AUTO_INCREMENT, AUTO_INCREMENT=16;
--
-- AUTO_INCREMENT for table `report`
--
ALTER TABLE `report`
  MODIFY `id` int(11) NOT NULL AUTO_INCREMENT, AUTO_INCREMENT=717;
--
-- AUTO_INCREMENT for table `report_category`
--
ALTER TABLE `report_category`
  MODIFY `id` int(20) NOT NULL AUTO_INCREMENT, AUTO_INCREMENT=16;
--
-- AUTO_INCREMENT for table `report_nabavke`
--
ALTER TABLE `report_nabavke`
  MODIFY `id` int(20) NOT NULL AUTO_INCREMENT, AUTO_INCREMENT=10124;
--
-- Constraints for dumped tables
--

--
-- Constraints for table `gallery`
--
ALTER TABLE `gallery`
  ADD CONSTRAINT `gallery_fk0` FOREIGN KEY (`picture_id`) REFERENCES `picture` (`id`);

--
-- Constraints for table `news`
--
ALTER TABLE `news`
  ADD CONSTRAINT `news_fk0` FOREIGN KEY (`news_category_id`) REFERENCES `news_category` (`id`);

--
-- Constraints for table `news_to_picture`
--
ALTER TABLE `news_to_picture`
  ADD CONSTRAINT `news_to_picture_fk0` FOREIGN KEY (`news_id`) REFERENCES `news` (`id`),
  ADD CONSTRAINT `news_to_picture_fk1` FOREIGN KEY (`picture_id`) REFERENCES `picture` (`id`);
COMMIT;

/*!40101 SET CHARACTER_SET_CLIENT=@OLD_CHARACTER_SET_CLIENT */;
/*!40101 SET CHARACTER_SET_RESULTS=@OLD_CHARACTER_SET_RESULTS */;
/*!40101 SET COLLATION_CONNECTION=@OLD_COLLATION_CONNECTION */;
